
/******INSERCIONES-INSERT****************/

---------PAISES
INSERT INTO CJV_Pais(id,nombre,continente,nacionalidad,descripcion) VALUES (1,'Portugal','Europa','portuguesa','Es uno de los veintisiete estados soberanos que forman la Unión Europea. 
Es un país transcontinental. La mayor parte de su territorio, con capital en Lisboa, está situado en el suroeste de Europa, en la península ibérica. Comprende también los archipiélagos autónomos de las Azores y Madeira situados en el hemisferio norte del océano Atlántico.
El nombre de Portugal probablemente provenga del antiguo nombre de Oporto, del latín «Portus-Galliae» —puerto de Galia, debido a que las naves galas frecuentaban este puerto— o, más probablemente, de «Portus-Cale».​
Muchas civilizaciones durante los últimos 3100 años has pasado por este territorio. Tartessos, celtas, fenicios, cartagineses, griegos, romanos, germanos (suevos y visigodos), musulmanes, judíos y otros pueblos han dejado huella en la cultura, historia, lenguaje y etnia. 
Durante los siglos xv y xvi, Portugal fue una potencia, así como un imperio que se extendía desde Brasil hasta las Indias Orientales. Posteriormente, tras las Guerras Napoleónicas y la independencia de Brasil entre finales del siglo xviii, Portugal empezó a vivir periodos convulsos. Con la Revolución de 1910, terminó la monarquía, después de haber tenido, de 1139 a 1910, 34 monarcas. 
El país vivió bajo una dictadura entre 1933 y 1974, cuando cayó tras una revuelta conocida como la Revolución de los Claveles. 
En 1986 ingresó en la Unión Europea y, desde 2001, forma parte de la eurozona.');
INSERT INTO CJV_Pais(id,nombre,continente,nacionalidad,descripcion) VALUES (2,'Belgica','Europa','belga','Es uno de los veintisiete estados soberanos que forman la Unión Europea. 
Está situado en el noroeste europeo. El país cubre una superficie de 30 528 km^2 y posee una población de 11 409 077 habitantes según la estimación de 2016.2​ Su capital y la conurbación más poblada es Bruselas mientras su ciudad (municipio) más poblada es Amberes.6​
Es un Estado multilingüístico con tres lenguas oficiales:
el 57 % de su población habla neerlandés.

mientras que cerca del 42 % habla francés. 

Menos de un 1 % de los belgas hablan alemán. 

Bélgica recibe su nombre de la denominación latina de la parte más septentrional de la Galia, Gallia Belgica, el cual, a su vez, procede de un grupo de tribus celtas, los belgas. 
Históricamente, Bélgica ha sido parte de los Países Bajos de los Habsburgo, los cuales incluían los actuales Países Bajos y el Gran Ducado de Luxemburgo, ocupando una región algo mayor que el moderno Benelux.

Desde finales de la Edad Media hasta el siglo XVII, fue un floreciente centro de comercio y cultura. Desde el siglo XVIII hasta la Revolución belga de 1830, Bélgica, en aquella época llamada los Países Bajos del Sur, fue el lugar de muchas batallas entre las potencias europeas y es por ello que se ha ganado el apodo de "el campo de batalla de Europa"7​ o "la cabina de Europa".');
INSERT INTO CJV_Pais(id,nombre,continente,nacionalidad,descripcion) VALUES (3,'Suiza','Europa','suiza','Es un país sin salida al mar ubicado en Europa central y que cuenta con una población de 8 500 000 habitantes (2018).
Suiza es una república federada de 26 estados, llamados cantones y cuenta con cuatro idiomas oficiales: - 
 alemán, francés, italiano y romanche. 
Berna es la sede de las autoridades federales, mientras que el sector privado del país está más desarrollado en las ciudades de Zúrich, Basilea y Ginebra. Suiza es el cuarto país más rico del mundo, según su PIB per cápita, con 83 718 dólares estadounidenses (2011).

Se caracteriza diplomáticamente por su política de relaciones exteriores neutral, sin haber participado activamente en ningún conflicto internacional desde 1815.
Suiza es sede de cuantiosas organizaciones internacionales, como la Cruz Roja, la Organización Mundial del Comercio, la Unión Postal Universal, entre otras.

Actualmente, se percibe como uno de los países más desarrollados del mundo. 
Por su política de neutralidad, el país alberga gran cantidad de inmigrantes provenientes de naciones de varios continentes, por lo que es considerado como uno de los países europeos con mayor diversidad cultural.');
INSERT INTO CJV_Pais(id,nombre,continente,nacionalidad,descripcion) VALUES (4,'Grecia','Europa','griega','Es uno de los veintisiete estados soberanos que forman la Unión Europea.​ En el país viven alrededor de 11 millones de habitantes que conforman una sociedad homogénea, donde principalmente se habla griego y se practica el cristianismo ortodoxo.
​
Grecia está estratégicamente ubicada entre Europa, Asia y Africa, y comparte fronteras terrestres al noroeste con Albania, al norte con Macedonia del Norte y Bulgaria, y al noreste con Turquía. Al este se encuentra el mar Egeo, al oeste el mar Jónico y en el sur, el Mediterráneo; estos tres mares bañan sus 13 676 km de costas, el 11º litoral más largo del mundo.​ El territorio griego está conformado por siete archipiélagos con unas 1400 islas, de las que 227 están habitadas. Cerca de un 80 % de su relieve consta de montañas, de las cuales la más alta es el monte Olimpo, con 2917m sobre el nivel del mar.

La Grecia moderna se origina en la civilización Grecia antigua, cuna de la civilización occidental. Para Occidente es el lugar de nacimiento de la democracia, la filosofía occidental, los Juegos Olímpicos, la literatura y el estudio de la historia, la política y los más importantes principios de las matemáticas y la ciencia. El Estado griego moderno, que comprende la mayor parte del núcleo histórico de la civilización griega, se estableció en 1830, luego de una guerra de independencia del Imperio otomano. 

El legado de su larga historia se refleja en el arte, la arquitectura, gastronomía, literatura y otros aspectos culturales.');
INSERT INTO CJV_Pais(id,nombre,continente,nacionalidad,descripcion) VALUES (5,'Tanzania','Africa','tanzanes','Es un país situado en la costa este de Africa Central. Limita al norte con Kenia y Uganda, al oeste con Ruanda, Burundi, la República Democrática del Congo, al sur con Zambia, Malaui (con el que mantiene una reclamación territorial sobre el lago Malaui), Mozambique y al este con el océano Índico. 

Su capital es Dodoma. El nombre del país proviene de la unión de las palabras «Tanganica» y «Zanzíbar». La actual República Unida de Tanzania nació el 26 de abril de 1964 cuando Tanganica, que había formado la colonia alemana del Africa Oriental Alemana y luego pasó a manos británicas al finalizar la Primera Guerra Mundial, se independizó el 9 de diciembre de 1961 y la República de Zanzíbar, la cual logró su independencia el 10 de diciembre de 1963 de la coróna británica, decidieron unirse en un solo Estado.

Tanzania se caracteriza, diferenciándose así de sus vecinos, por su resistencia a la dominación colonial británica y por no reconocer al inglés como lengua oficial. En cambio el país ha impulsado una serie de reformas que si bien faltan por completar; plantea un Estado independiente propio, autónomo y soberano basado en los valores africanos, de allí la importancia del suajili como única lengua oficial como forma de unir al pueblo tanzano».');
INSERT INTO CJV_Pais(id,nombre,continente,nacionalidad,descripcion) VALUES (6,'Túnez','Africa','tunezina','Su forma de gobierno es la república semipresidencialista. Su territorio está organizado en 24 gobernaciones o wilayat. La capital es Túnez, la ciudad más poblada, que le da el nombre al país.

La palabra Túnez deriva de Tunis, conocida por los griegos clásicos como Tynes, la capital del actual país de Túnez. El nombre Tunis puede ser atribuido a diversos orígenes. Puede ser asociado con la deidad fenicia Tanith (o Tunit), o con la expresión bereber ens que significa "caer".

La superficie de Túnez es de 163 610 km²,1​ con una población estimada en 11,8 millones de habitantes. Aproximadamente el 40 % de este país está compuesto por el desierto del Sahara, mientras que el resto es suelo fértil y adecuado para la agricultura; además, tiene 1148 km de costa. Limita con Argelia al oeste y Libia al sureste.

Tiene acuerdos de asociación con la Unión Europea, es miembro de La Francofonía, la Unión del Mediterráneo, la Liga Árabe, entre otras, y ha obtenido el estatus de aliado principal no perteneciente a la OTAN. Además, Túnez es un estado miembro de las Naciones Unidas y del Estatuto de Roma de la Corte Penal Internacional. Tiene estrechas relaciones con Europa, en particular con Francia y con Italia, que​ se han forjado a través de la cooperación económica, la privatización y la modernización industrial.');
INSERT INTO CJV_Pais(id,nombre,continente,nacionalidad,descripcion) VALUES (7,'Namibia','Africa','namibia','Es un país del suroeste de Africa que ocupa el territorio de lo que fue conocido hasta la década de 1960 como Africa del Suroeste, limitando al norte con Angola, al noreste con Zambia, al oeste con el océano Atlántico, al este con Botsuana, y al sureste y sur con Sudáfrica. Es miembro de la Mancomunidad de Naciones, la Unión Africana y las Naciones Unidas. Su capital y ciudad más poblada es Windhoek.

El nombre del país se deriva del nombre del desierto de Namib, considerado el desierto más antiguo en el mundo.4​ El término Namib es una palabra de origen khoekhoe que significa «lugar vasto».

Namibia es un destino popular del ecoturismo por sus diferentes climas y paisajes como el gran desierto oriental y las llanuras.

La más visitada de las regiones incluyen, aunque no se limitan a los Sossusvlei, el parque nacional Etosha y la actividad de las zonas costeras de Swakopmund y Walvis Bay.

La mitad de los namibios tiene como lengua materna el owambo, mientras que los idiomas más hablados y entendidos son el afrikaans, y el alemán, oficiales hasta la independencia de Namibia en 1990.');
INSERT INTO CJV_Pais(id,nombre,continente,nacionalidad,descripcion) VALUES (8,'Madagascar','Africa','malgache','Es un país insular situado en el océano Índico, frente a la costa sureste del continente africano, al este de Mozambique. 

Madagascar es la isla más grande de Africa y la cuarta más grande del mundo, y se encuentra rodeada íntegramente por el océano Índico. Está separada del resto del continente africano por el canal de Mozambique. 
A pesar de su cercanía actual al continente africano, Madagascar formaba parte en su origen del subcontinente indio, del cual se separó hace unos 88 millones de años. Por ello su aislamiento ha favorecido la conservación en su territorio de multitud de especies únicas en el mundo, la mayoría de ellas endémicas de la isla.

Madagascar tiene una de las faunas más variadas y especiales del mundo con mayoría de animales endémicos como los lémures, el geco diurno de Madagascar, la boa de Madagascar, la tortuga radiada, la tortuga angonoka, la tortuga colaplana y la tortuga araña, entre otros. Hasta su extinción en el S. XVII, en la isla vivió el pájaro elefante, que con más de media tonelada de peso, ha sido el ave más pesada de la Tierra.

La fiesta más importante en todo el territorio malgache es el 26 de junio, cuando se celebra la independencia de Madagascar. Las costumbres de los malgaches, en especial los del centro de la isla, tienen rasgos comunes con las del sur asiático.');
INSERT INTO CJV_Pais(id,nombre,continente,nacionalidad,descripcion) VALUES (9,'Australia','Oceania','australiana','El país ocupa la principal masa continental de la plataforma llamada Sahul, además de algunas islas en los océanos Pacífico, Índico y Antártico. Los países más cercanos a Australia son Indonesia, Timor Oriental y Papúa Nueva Guinea al norte, las Islas Salomón, Vanuatu y la dependencia francesa de Nueva Caledonia al noreste, y Nueva Zelanda al sureste. Australia es el sexto país más grande del mundo con una superficie de 7 741 220 km².
​La población del país (según la estimación para 2020)5​ es de más de 25 millones de habitantes, concentrados principalmente en las grandes ciudades costeras: Sídney, Melbourne, Brisbane, Perth, Adelaida y la capital Canberra.

Australia ha estado habitada desde hace por lo menos cuarenta y seis mil años6​ por los aborígenes australianos. Su descubrimiento europeo se habría producido tras las esporádicas visitas de españoles y portugueses que exploraron la costa septentrional y occidental de Australia, aunque sin avanzar hacia el interior por el escaso número de exploradores.

En la división convencional en continentes, Australia se engloba en Oceania, que agrupa también las islas del Pacífico. Sin embargo, los anglohablantes suelen hablar del «continente australiano» sin que Australia, desde un punto de vista geológico, constituya un continente. Nueva Zelanda y las islas adyacentes tampoco conforman un continente con Australia al no pertenecer a la plataforma Sahul, sino que se suelen asociar con esta por cercanía histórica y política.');
INSERT INTO CJV_Pais(id,nombre,continente,nacionalidad,descripcion) VALUES (10,'Nueva Zelanda','Oceania','nueva-zelandeza','Está formado por dos grandes islas: la Isla Norte y la Isla Sur, junto a un gran número de islas menores, destacándose entre ellas la Isla Stewart y las Islas Chatham. El Reino de Nueva Zelanda también incluye las Islas Cook y Niue (estados autónomos en libre asociación), el Archipiélago Tokelau y la Dependencia antártica Ross. La capital de Nueva Zelanda es la ciudad de Wellington, situada en la isla Norte.

notable por su aislamiento geográfico, está situada a cerca de 2000 kilómetros al sureste de Australia en el mar de Tasmania, y sus vecinos más cercanos al norte son Nueva Caledonia, Fiyi y Tonga.

La mayor parte de la población neozelandesa es de ascendencia europea; los indígenas maoríes son la minoría más numerosa.​ Los asiáticos y los polinesios también son minorías significativas, especialmente en las zonas urbanas. Aunque tiene tres idiomas oficiales, el más hablado, con diferencia, es el inglés.

Nueva Zelanda es un país desarrollado que se posiciona en lugares altos dentro de escalafones internacionales sobre muchos temas, incluyendo la ausencia de corrupción, el nivel de educación y la libertad económica,10​ y también destaca en su índice de desarrollo humano, que lo posiciona en el décimo tercer lugar en el mundo en 2016');
INSERT INTO CJV_Pais(id,nombre,continente,nacionalidad,descripcion) VALUES (11,'Isla de Pascua','Oceania','chilena','es una isla de Chile, perteneciente a la Región de Valparaíso, ubicada en la Polinesia, Oceania, en medio del océano Pacífico a 3700 kilómetros de Caldera.​ Tiene una superficie de 163,6 km², lo que la convierte en la mayor de las islas del Chile insular, y una población de 7750 habitantes, concentrados en Hanga Roa, capital y único poblado existente en la isla. La tierra habitada más cercana es el territorio británico de las Islas Pitcairn, a unos 2000 km al oeste.

La isla es uno de los principales destinos turísticos del país debido a su naturaleza y la cultura ancestral de la etnia rapanui, cuyo más notable vestigio corresponde a enormes estatuas antropomorfas conocidas como moais. Para preservar dichas características, el pueblo rapanui administra desde 2016 el parque nacional Rapa Nui a través de la Comunidad Indígena Polinesica Mau Henua,​ mientras que la Unesco declaró este parque como patrimonio de la humanidad en 1995.

El nombre tradicional que recibe esta isla corresponde al de Rapa Nui, que significa «Rapa grande» o «Gran Rapa» en el idioma de los navegantes tahitianos que visitaban la isla en el siglo XIX. El nombre estaría asociado con el parecido encontrado por los tahitianos con la isla de Rapa, en la actual Polinesia Francesa, y a la cual también se le conoce como Rapa Iti.');
INSERT INTO CJV_Pais(id,nombre,continente,nacionalidad,descripcion) VALUES (12,'Polinecia francesa','Oceania','francesa','es una colectividad de ultramar francesa localizada al sur del océano Pacífico. Está compuesta por 118 islas y atolones de los cuales 67 están habitados. La isla Tahití, en el archipiélago de las islas de la Sociedad, es la más famosa y poblada de las islas, con Papeete, la capital y localidad más grande, localizada en ella.

La mayor parte de las islas son de origen volcánico, con importantes formaciones coralinas. El relieve es montañoso, en general, y el clima tropical con abundantes precipitaciones. Suelos de relativa fertilidad permiten el desarrollo de la agricultura. Las islas de Barlovento y las de Sotavento forman el Archipiélago de la Sociedad. 

Los ensayos nucleares en los atolones de Mururoa y Fangataufa llevados a cabo por Francia durante 26 años han causado cuantiosos daños ambientales y humanos.

En virtud del artículo 74 de la Constitución francesa y de la Ley Orgánica 2014-192 relativa al estatuto de autonomía de la Polinesia Francesa, la política de la Polinesia Francesa se desarrolla en el marco de una colectividad francesa de ultramar democrática y representativa, en la que el presidente de la Polinesia Francesa es el jefe de gobierno, y hay un sistema multipartidista. El poder ejecutivo es ejercido por el gobierno. El poder legislativo corresponde al gobierno y a la Asamblea de la Polinesia Francesa.');
INSERT INTO CJV_Pais(id,nombre,continente,nacionalidad,descripcion) VALUES (13,'Japon','Asia','japonesa','Consta 6852 islas que se extienden a lo largo de la costa del Pacífico de Asia. Se extiende a lo largo de 3000 km del noreste-suroeste desde el mar de Ojotsk hasta el mar de China Oriental.

Japón es el undécimo país más poblado del mundo, así como uno de los más densamente poblados y urbanizados. Aproximadamente las tres cuartas partes del terreno del país son montañosas y concentra su población de 126,2 millones en estrechas llanuras costeras. 

Japón ha estado habitado desde el Paleolítico superior (30 000 a. C.), aunque las primeras menciones del archipiélago aparecen en las crónicas chinas del siglo i. 

El clima de Japón es predominantemente templado, pero varía mucho de norte a sur.La temperatura media en invierno en Japón es de 5,1 °C y la temperatura media en verano es de 25,2 °C.

Japón tiene nueve ecorregiones forestales que reflejan el clima y la geografía de las islas. Van desde bosques subtropicales húmedos de hoja ancha en las islas Ryūkyū y Bonin, hasta bosques templados latifoliados y mixtos en las regiones de clima templado de las islas principales, hasta bosques templados de coníferas en las partes frías e invernales de las islas del norte. Japón tiene más de 90 000 especies de vida silvestre, incluidos el oso pardo, el macaco japonés, el perro mapache japonés, el pequeño ratón de campo japonés y la salamandra gigante japonesa.');
INSERT INTO CJV_Pais(id,nombre,continente,nacionalidad,descripcion) VALUES (14,'Taiwan','Asia','taiwanesa','Es un Estado con reconocimiento limitado situado en el extremo oriente de Asia. Los estados vecinos incluyen la República Popular de China (RPC) al noroeste, Japón al noreste y Filipinas al sur. La isla de Taiwán, históricamente conocida como Formosa,​ tiene un área de 35 808 kilómetros cuadrados, con cadenas montañosas que dominan los dos tercios orientales y llanuras en el tercio occidental, donde se concentra su población altamente urbanizada.

Tras la rendición de Japón en 1945, la República de China, que había derrocado y sucedido a los Qing en 1911, tomó el control de Taiwán en nombre de los aliados de la Segunda Guerra Mundial. La reanudación de la Guerra Civil China condujo a la pérdida del continente frente al Partido Comunista de China y la fuga del gobierno de la República de China a Taiwán en 1949. Aunque el gobierno de la República de China continuó afirmando ser el representante legítimo de China, desde 1950 su jurisdicción efectiva se ha limitado a Taiwán y numerosas islas más pequeñas.

Aproximadamente el 84% de la población de Taiwán son descendientes de inmigrantes chinos han de la China de Qing entre 1661 y 1895. Otra fracción significativa desciende de los chinos han que emigraron de China continental a fines de la década de 1940 y principios de la década de 1950.');
INSERT INTO CJV_Pais(id,nombre,continente,nacionalidad,descripcion) VALUES (15,'Filipinas','Asia','filipina','Es un país insular situado en el Sudeste Asiático, sobre el océano Pacífico. 
Su capital es Manila. Al norte se encuentra separado de la isla de Taiwán por el estrecho de Luzón; al oeste se halla el mar de la China Meridional también conocido como el mar de Filipinas Occidental y Vietnam; al suroeste, la isla de Borneo, al sur el mar de Célebes lo separa de otras islas de Indonesia y al este limita con el mar de Filipinas.

Antes de adquirir su denominación actual, se utilizaron otros nombres para referirse al país como «Islas del Poniente» y «San Lázaro», ambos otorgados por Fernando de Magallanes.El vocablo «Filipinas» deriva del nombre del rey Felipe II de España. Durante una expedición en 1542, el explorador español Ruy López de Villalobos bautizó las islas de Leyte y Sámar como «Felipinas» en honor al entonces Príncipe de Asturias. Finalmente, el nombre fue alterado y la denominación de «Las Islas Filipinas» pasó a referirse a todas las islas del archipiélago.

Filipinas es un archipiélago de 7107 islas,7 con una superficie total de aproximadamente 300 000 km² —incluidos los cuerpos de agua interiores—. Sus 36 289 km de litoral2​ lo convierten en el quinto país con la mayor longitud de costa en el mundo.');
INSERT INTO CJV_Pais(id,nombre,continente,nacionalidad,descripcion) VALUES (16,'Vietnam','Asia','vietnamita','Es un país soberano del Sudeste Asiático, el más oriental de la península Indochina. Con una población estimada de 90 millones, es el decimoquinto país más poblado del mundo y el octavo de Asia. El nombre del país se traduce como «Viet del sur», un sinónimo del antiguo nombre del Reino de Nanyue (Nam Việt) establecido en el siglo III a. C., y que fue adoptado oficialmente por primera vez en 1802 por el emperador Gia Long. 

Vietnam está dividido en 58 provincias (llamadas «tỉnh» en vietnamita). También existen 5 municipalidades, controladas centralmente, en el mismo nivel que las provincias 

Tiene una extensión de unos 331 210 km² (ligeramente más pequeño que Alemania).1​ El sistema topográfico consiste en colinas y montañas densamente pobladas de árboles, cubriendo un 20% del territorio. Un 40% del territorio es montañoso y los bosques ocupan un 75%. 

La Montaña de Fan Si Pan es la más alta de Vietnam (3143 m).

En Vietnam la biodiversidad es única. Todo el país aparece cubierto de vegetación, en tanto que los bosques ocupan un 30% del territorio nacional. En la selva monzónica encontramos pinos, bambúes, plantas de grandes hojas y cultivos. Los manglares rodean los ramales de los deltas.');
INSERT INTO CJV_Pais(id,nombre,continente,nacionalidad,descripcion) VALUES (17,'Mexico','America','mexicana','Es un país soberano ubicado en la parte meridional de América del Norte; su capital y ciudad más poblada es la Ciudad de México.​ Políticamente es una república representativa, democrática, federal y laica, compuesta por 32 entidades federativas (31 estados y la capital federal).

México es el décimo país más poblado del mundo, con una población estimada en más de 129 millones de personas en 2020.​ La mayoría de ellas tiene como lengua materna el español, al que el estado reconoce como lengua nacional junto a 67 lenguas indígenas propias de la nación, si bien en el país se hablan alrededor de 287 idiomas.​ Estas cifras convierten a México en el país con mayor número de hispanohablantes,​ así como en el séptimo país con mayor diversidad lingüística en el mundo.

Según la Organización Mundial del Turismo, México es el principal destino turístico de América Latina y el sexto más visitado en el mundo.​ Esto se debe en gran medida a los 34 sitios culturales o naturales que son considerados por la UNESCO como Patrimonio de la Humanidad, y es en este sentido el primero en el continente y sexto en el mundo.

México también es uno de los países con mayor diversidad de climas en el mundo, considerado uno de los 17 países megadiversos del planeta, es hogar del 10-12 % de la biodiversidad mundial​ y alberga a más de 12 000 especies endémicas.');
INSERT INTO CJV_Pais(id,nombre,continente,nacionalidad,descripcion) VALUES (18,'Peru','America','peruana','Es un país soberano ubicado al oeste de América del Sur. El océano Pacífico bordea su costa y limita con Ecuador y Colombia al norte, Brasil al este, y Bolivia y Chile al sureste. Su territorio se compone de diversos paisajes: los valles, las mesetas y las altas cumbres de los Andes se despliegan al oeste hacia la costa desértica y al este hacia la Amazonia. Es uno de los países con mayor diversidad biológica y mayores recursos minerales del mundo.

El país se encuentra en la zona intertropical de Sudamérica comprendida entre la Línea del Ecuador y el Trópico de Capricornio. Cubre un área de 1 285 215 km², lo que lo convierte en el vigésimo país más grande en tamaño de la Tierra y el tercero de América del Sur.

El territorio peruano se encuentra determinado por la interacción de dos placas tectónicas: la Sudamericana al este, donde se halla todo su territorio continental, y la de Nazca debajo del océano Pacífico. Ambas comparten un límite convergente de subducción, es decir, la placa de Nazca se desplaza bajo la Sudamericana paralela a la costa occidental sudamericana, a una velocidad promedio de 7-8 cm/año.

A diferencia de otros países ecuatoriales, el Perú no presenta un clima exclusivamente tropical; la influencia de los Andes y la corriente de Humboldt conceden una gran diversidad climática al territorio peruano.');
INSERT INTO CJV_Pais(id,nombre,continente,nacionalidad,descripcion) VALUES (19,'Colombia','America','colombiana','Es un país soberano situado en la región noroccidental de América del Sur, que se constituye en un estado unitario, social y democrático de derecho cuya forma de gobierno es presidencialista. Es una república organizada políticamente en 32 departamentos descentralizados y el Distrito Capital de Bogotá, sede del Gobierno Nacional.

El país es travesado por la cordillera de los Andes y la llanura amazónica, es el único país de América del Sur con costas sobre los océanos Atlántico y Pacífico.​. El territorio continental de Colombia es de 1.141.748 km²​ y el marítimo de 988.000 km², de los cuales 658 000 km² están en el mar Caribe y 330.000 km² en el océano Pacífico donde se encuentran las islas de Gorgona y Malpelo.

El territorio colombiano presenta variedad en su relieve: sistema montañoso central, compuesto por las tres cordilleras andinas, sistema montañoso independiente de los Andes, las llanuras interiores y costeras y los valles interandinos. Posee aproximadamente entre el 10 % o 20 % de especies de plantas a nivel mundial, con entre 45 000 o 55 000 de especies de plantas.​ Una cifra muy alta para un país de esta proporción. 

Colombia cuenta con literatura latinoamericana destacable, gracias a escritores como Gabriel García Márquez y su obra magna Cien años de soledad, Eduardo Caballero Calderón, Manuel Mejía Vallejo y Álvaro Mutis, único colombiano galardonado con los premios Cervantes y Príncipe de Asturias.');
INSERT INTO CJV_Pais(id,nombre,continente,nacionalidad,descripcion) VALUES (20,'Argentina','America','argentina','Es un país soberano de América del Sur, ubicado en el extremo sur y sudeste de dicho subcontinente. Adopta la forma de gobierno republicana, democrática, representativa y federal.

Su territorio continental americano, que abarca gran parte del Cono Sur, limita al norte con Bolivia y Paraguay, al nordeste con Brasil, al este con Uruguay y el océano Atlántico, al oeste con Chile y, siempre en su sector americano, al sur con Chile y las aguas atlánticas del pasaje de Drake.

Es el único país latinoamericano que tiene un centro de investigación y enseñanza científica entre los diez mejores del mundo, y el país iberoamericano con mayor cantidad de premios Nobel en ciencias. Su capacidad tecnológica y científica le ha permitido diseñar, producir y exportar satélites,​ construir reactores nucleares y ser el primer productor de software, aeronaves, entre otras cosas.
Argentina se convirtió en el primer país en utilizar las huellas dactilares como método de identificación en 1892.

Las características generales de la orografía de la Argentina son la presencia de montañas en el oeste y de llanos en el este, configurando una planimetría que disminuye en altitud de oeste a este.
El clima de Argentina está determinada por la posición de casi todo su territorio​ en la zona templada del hemisferio sur terrestre. Su gran desarrollo en latitud, posibilita climas cálidos subtropicales en el norte y fríos en el sur.');
INSERT INTO CJV_Pais(id,nombre,continente,nacionalidad,descripcion) VALUES (21,'USA','America','estadounidense','​Es un país soberano constituido en una república federal constitucional compuesta por cincuenta estados y un distrito federal.

Con 9,83 millones de km²,​ y con más de 325 millones de habitantes, el país es el cuarto mayor en área total, el quinto mayor en área contigua y el tercero en población. Es una de las naciones con más diversidad de etnias y culturas, producto de la inmigración a gran escala.

Es la economía nacional más grande del mundo en términos nominales, con un PIB estimado en 15,7 billones de dólares 

La superficie de los Estados Unidos continentales es de aproximadamente 7 700 000 km². Alaska, que está separada de los Estados Unidos continentales por Canadá, es el estado más grande del país, con 1 500 000 km².

Por su gran tamaño y variedad geográfica, el país cuenta con la mayoría de los tipos de clima. Al este del meridiano 100, el clima varía de continental húmedo en el norte a húmedo subtropical en el sur. El extremo sur de la Florida y las islas de Hawái tienen un clima tropical.

Estados Unidos es considerado un país megadiverso: unas 17 000 especies de plantas vasculares viven en los Estados Unidos contiguos y Alaska y más de 1.800 especies de plantas con flores se pueden encontrar tan solo en Hawái, pocas de las cuales crecen en el continente');
INSERT INTO CJV_Pais(id,nombre,continente,nacionalidad,descripcion) VALUES (22,'Canada','America','canadiense','Es un país soberano en América del Norte, cuya forma de gobierno es la monarquía parlamentaria federal. Su territorio está organizado en diez provincias y tres territorios. Su capital es la ciudad de Ottawa y la ciudad más poblada es Toronto.

El nombre Canadá proviene de la raíz iroquesa kanāta que significa ‘poblado’, ‘asentamiento’ o, refiriéndose inicialmente a Stadaconé, un asentamiento en el sitio de la actual ciudad de Quebec.​ Para 1545, los mapas y libros europeos habían comenzado a referirse a toda la región como Canadá.

Por su área total (incluyendo sus aguas), es el segundo país más grande en el mundo, después de Rusia.

La densidad de población, de 3,3 habitantes por kilómetro cuadrado, está entre las más bajas en el mundo. La parte más densamente poblada del país es la zona de la ciudad de Quebec y el corredor Windsor, (situado en el sur de Quebec y Ontario) a la orilla de los Grandes Lagos y el río San Lorenzo.

Una buena parte del territorio canadiense está cubierto por bosques de árboles maderables, donde se destacan el pino, el cedro y el arce; también existen territorios dominados por las amplias praderas. La fauna es muy similar a la de Europa del Norte y Asia, por lo que pueden encontrarse osos, lobos, coyotes, pumas, entre otros animales carnívoros.');
INSERT INTO CJV_Pais(id,nombre,continente,nacionalidad,descripcion) VALUES (23,'Republica Dominicana','America','dominicana','La República Dominicana es un país situado en el Caribe, ubicado en la zona central de las Antillas. Su capital y ciudad más poblada es Santo Domingo. Tiene 11 165 553 habitantes. Es el segundo país más extenso y poblado de los insulares caribeños, por detrás de Cuba.

La isla tiene este nombre por Santo Domingo de Guzmán, fundador de la Orden de los Dominicos. En efecto, Santo Domingo, fue nombre que escogió Bartolomé Colón al fundar la primera ciudad española de América al este del río Ozama a finales del siglo XV.

República Dominicana comprende la parte oriental (74 %) de la isla La Española o de Santo Domingo, situada en el mar Caribe, la cual es la segunda isla en tamaño de las Antillas. Su extensión total es de 48 670 km², de los cuales 350 km² están cubiertos por agua. La República Dominicana tiene un clima predominantemente tropical donde las lluvias son abundantes, una temperatura media entre los 25 y 35 °C.

Estudios recientes en la genética de la población han concluido que el gen dominicano es, en promedio, predominantemente Europeo con Africano y con significativo guanche e indígenas de América.

Este país se ha convertido en una importante atracción turística en las últimas décadas, preferida por celebridades, deportistas y viajeros. El ecoturismo es muy activo en el país, sus parques nacionales y reservas científicas representan el 25% del territorio nacional, esto facilita la exploración de cuevas, observación de aves, ballenas jorobadas, etc');
INSERT INTO CJV_Pais(id,nombre,continente,nacionalidad,descripcion) VALUES (24,'Jamaica','America','jamaiquina','es uno de los trece países que forman la América Insular, Antillas o Islas del mar Caribe, uno de los treinta y cinco del continente americano. Su capital y ciudad más poblada es Kingston.

Cuenta con 240 km de largo y un máximo de 80 km de ancho, situada en el mar Caribe. Está a 630 km del subcontinente centroamericano, a 150 km al sur de Cuba y a 180 km al oeste de la isla de La Española, en la cual están Haití y la República Dominicana y a unos 621 km de Puerto Rico.

Fue una posesión española conocida como "Santiago", entre 1494 y 1655 cuando fue invadida por tropas inglesas. Luego se convirtió en una posesión inglesa, y más tarde en una colonia británica, conocida como "Jamaica". La isla logró su independencia el 6 de agosto de 1962.

Sus idiomas oficiales son el inglés y el patois jamaicano. En 2018, se reforzó la enseñanza del idioma español como primera lengua extranjera a nivel escolar.

Aunque los pueblos taínos se referían a la isla como "Xaymaca", los españoles modificaron gradualmente el nombre hasta llegar a "Jamaica". Colón se refirió a ella en una carta de 1503 como "Janahica".

Jamaica es un importante centro turístico regional. Su economía se centra además de en el turismo, en la producción de azúcar y en la extracción de bauxita. A estas actividades hay que agregarle el negocio que se creó alrededor de la imagen de Bob Marley, utilizada tanto para el turismo como para la explotación de la música reggae y todo lo relacionado con esta.');



------------CIUDADES

INSERT INTO CJV_Ciudad(id_pais,id,nombre,descripcion) VALUES (1,1,'Lisboa','Lisboa es la espectacular capital de Portugal y una de las ciudades más vibrantes y carismáticas de Europa; se trata de una ciudad que mezcla sin esfuerzo su herencia y tradición con un modernismo impactante y pensamiento progresivo.');
INSERT INTO CJV_Ciudad(id_pais,id,nombre,descripcion) VALUES (2,2,'Bruselas','capital de Bélgica, ​de la Comunidad Francesa de Bélgica y de la Comunidad Flamenca. se le conoce popularmente también ​ como capital de la Unión Europea junto a Luxemburgo y Estrasburgo.');
INSERT INTO CJV_Ciudad(id_pais,id,nombre,descripcion) VALUES (3,3,'Friburgo','vibrante ciudad universitaria en el Bosque Negro del suroeste de Alemania, conocida por su clima templado y la ciudad antigua reconstruida, entrecruzada por pintorescos arroyuelos (bächle).');
INSERT INTO CJV_Ciudad(id_pais,id,nombre,descripcion) VALUES (4,4,'Atenas','capital del país griego, Atenas, donde podremos disfrutar de sus grandes atractivos, como por ejemplo la Acrópolis o  el Templo de Zeus. También, haremos un recorrido por los lugares más representativos de la cultura griega clásica: Micenas, Epidauro, Olympia, Delfos, los Monasterios de Meteora y el paso de las Termópilas.');
INSERT INTO CJV_Ciudad(id_pais,id,nombre,descripcion) VALUES (5,5,'Zanzibar','es la isla principal del archipiélago de Zanzíbar en Tanzania. La Ciudad de piedra, parte de la ciudad de Zanzíbar, es in antiguo centro comercial con mezquitas y calles enmarañadas.');
INSERT INTO CJV_Ciudad(id_pais,id,nombre,descripcion) VALUES (6,6,'Hammamet','es una localidad tunecina a orillas del Mediterráneo, ubicada a unos 60 km de Túnez, capital del país.');
INSERT INTO CJV_Ciudad(id_pais,id,nombre,descripcion) VALUES (7,7,'windhoek','es la capital de Namibia. El nombre puede derivar del afrikáans Wind-Hoek o de las montañas Winterhoek. Tiene una población que alcanza los 431 000 habitantes en 2020, formada por gente de ascendencia alemana, anglosajones, afrikáners, mestizos, asiáticos, ovambos, hereros y todas las otras etnias nativas.');
INSERT INTO CJV_Ciudad(id_pais,id,nombre,descripcion) VALUES (8,8,'Antananarivo','capital de Madagascar, en la zona montañosa central de la isla. Con vistas a la ciudad, el complejo palaciego de Rova de Antananarivo fue la sede del Reino de Merina desde el siglo XVII y cuenta con casas de madera y tumbas reales.');
INSERT INTO CJV_Ciudad(id_pais,id,nombre,descripcion) VALUES (9,9,'Melbourne','capital costera del estado de Victoria en el sureste de Australia. En el centro de la ciudad se encuentra la urbanización Federation Square, con plazas, bares y restaurantes junto al río Yarra.');
INSERT INTO CJV_Ciudad(id_pais,id,nombre,descripcion) VALUES (10,10,'Queenstown','se encuentra en las costas del lago Wakatipu en la Isla Sur, ubicada junto a los Alpes del Sur. Conocida por los deportes de aventura, es también una base para explorar los viñedos y las ciudades mineras históricas de la región.');
INSERT INTO CJV_Ciudad(id_pais,id,nombre,descripcion) VALUES (11,11,'Hanga Roa','principal localidad y puerto de Rapa Nui, Chile, siendo la capital de la comuna y la provincia de Isla de Pascua.');
INSERT INTO CJV_Ciudad(id_pais,id,nombre,descripcion) VALUES (12,12,'Bora Bora','pequeña isla del Pacífico Sur al noroeste de Tahití en la Polinesia Francesa. Rodeada de motus (islotes) con orillas de arena y una laguna turquesa protegida por un arrecife de coral, es conocida por el buceo.');
INSERT INTO CJV_Ciudad(id_pais,id,nombre,descripcion) VALUES (13,13,'Hiroshima','ciudad moderna en la isla Honshu de Japón, fue destruida en gran parte por una bomba atómica durante la Segunda Guerra Mundial.');
INSERT INTO CJV_Ciudad(id_pais,id,nombre,descripcion) VALUES (14,14,'Tainan','ciudad en el sur de Taiwán. La ciudad propiamente dicha es un municipio especial frente al estrecho de Formosa en el oeste y el sur.');
INSERT INTO CJV_Ciudad(id_pais,id,nombre,descripcion) VALUES (15,15,'Valenzuela','está situada en el océano Pacífico en la región austral de Chile, al norte del estrecho de Magallanes. Forma parte del archipiélago de Hanover.');
INSERT INTO CJV_Ciudad(id_pais,id,nombre,descripcion) VALUES (16,16,'Ho Chi Minh(Saigon)','ciudad del sur de Vietnam, famosa por el papel fundamental que tuvo en la Guerra de Vietnam. También es conocida por sus sitios icónicos de la colonia francesa, incluida la Catedral de Notre-Dame, hecha completamente de materiales importados de Francia, y la Oficina Central de Correos, del siglo XIX.');
INSERT INTO CJV_Ciudad(id_pais,id,nombre,descripcion) VALUES (17,17,'Chiapas','estado del sur de México que limita con Guatemala. Sus zonas montañosas altas y el denso bosque tropical tienen varios sitios arqueológicos mayas y pueblos coloniales españoles.');
INSERT INTO CJV_Ciudad(id_pais,id,nombre,descripcion) VALUES (18,18,'Cuzco','ciudad de los Andes peruanos que fue la capital del Imperio Inca y es conocida por sus restos arqueológicos y la arquitectura colonial española.');
INSERT INTO CJV_Ciudad(id_pais,id,nombre,descripcion) VALUES (19,19,'Barichara','ciudad del norte de Colombia conocida por sus calles con adoquines y su arquitectura colonial. En el centro está la Catedral de la Inmaculada Concepción, de arenisca y con un altar de pan de oro.');
INSERT INTO CJV_Ciudad(id_pais,id,nombre,descripcion) VALUES (20,20,'Buenos Aires','gran capital cosmopolita de Argentina. Su centro es la Plaza de Mayo, rodeada de imponentes edificios del siglo XIX, incluida la Casa Rosada, el icónico palacio presidencial que tiene varios balcones.');
INSERT INTO CJV_Ciudad(id_pais,id,nombre,descripcion) VALUES (21,21,'Alburquerque','es un municipio español, perteneciente a la provincia de Badajoz.');
INSERT INTO CJV_Ciudad(id_pais,id,nombre,descripcion) VALUES (22,22,'Vancouver','es un desbordante puerto marítimo en la costa oeste de la Columbia Británica y se encuentra dentro de las ciudades de mayor densidad y diversidad étnica de Canadá.');
INSERT INTO CJV_Ciudad(id_pais,id,nombre,descripcion) VALUES (23,23,'Puerto Plata','Capital de la provincia de Puerto Plata, en la costa norte del Atlántico de República Dominicana.');
INSERT INTO CJV_Ciudad(id_pais,id,nombre,descripcion) VALUES (24,24,'Kingston','capital de la isla de Jamaica y se ubica en su costa sureste. En el centro de la ciudad, el Museo Bob Marley se encuentra dentro de la antigua casa del cantante de reggae.');


--------ATRACCIONES

INSERT INTO CJV_Atraccion(id_pais,id_ciudad,id,nombre,descripcion,url_imagen) VALUES (1,1,1,'monasterio de los Jerónimos','constituye unos de los principales ejemplos de la arquitectura manuelina en Portugal y un homenaje a la época dorada de los descubrimientos, pues Manuel I ordenó su construcción para conmemorar el regreso de la India de Vasco de Gama. De hecho, las obras se financiaron con los impuestos procedentes de las colonias.','https://res.cloudinary.com/vicalex/image/upload/v1610389826/DBViajes/monasterio-de-los-jeronimos.jpg');
INSERT INTO CJV_Atraccion(id_pais,id_ciudad,id,nombre,descripcion,url_imagen) VALUES (1,1,2,'Torre de Belém','es una antigua construcción militar situada en la ciudad de Lisboa, capital de Portugal. Es una obra de Francisco de Arruda y Diogo de Boitaca que tuvo gran importancia en la Era de los Descubrimientos de Europa, ya que sirvió como fortaleza y como puerto desde donde partieron los exploradores portugueses para establecer cuál sería el primer comercio europeo en la historia con China e India. Cuando dejó de servir como defensa de invasores en el estuario del río Tajo se utilizó como prisión, como faro y también como centro de recaudación de impuestos para ingresar en la ciudad.','https://res.cloudinary.com/vicalex/image/upload/v1610389952/DBViajes/Torre_Bel%C3%A9m.jpg');
INSERT INTO CJV_Atraccion(id_pais,id_ciudad,id,nombre,descripcion,url_imagen) VALUES (2,2,3,'Catedral de Bruselas','La Catedral de San Miguel y Santa Gúdula, de estilo gótico, es la iglesia católica más importante de Bélgica. Se empezó a construir en el siglo XIII y no fue hasta 1961 que la iglesia adquirió el nombre de catedral. Hace pocos años se ha restaurado por lo que luce espléndida, siendo incluso escenario de bodas y coronaciones reales.','https://res.cloudinary.com/vicalex/image/upload/v1610389837/DBViajes/catedral-bruselas.jpg');
INSERT INTO CJV_Atraccion(id_pais,id_ciudad,id,nombre,descripcion,url_imagen) VALUES (2,2,4,'Ruta del cómic','Bruselas y el cómic tienen una relación de años, ya que grandes autores de cómic como Hergé «Tintín» o Peyo «Los Pitufos«, nacieron en Bruselas.
El Museo del Cómic junto a la Ruta del Cómic se han convertido en dos imprescindibles para todo el que visita Bruselas, incluso si no eres un amante del cómic.','https://res.cloudinary.com/vicalex/image/upload/v1610389838/DBViajes/ruta-del-comic.jpg');
INSERT INTO CJV_Atraccion(id_pais,id_ciudad,id,nombre,descripcion,url_imagen) VALUES (3,3,5,'Catedral de San Nicolás','En esta zona alta de la ciudad, el principal monumento es la catedral de San Nicolás, construida desde finales del siglo XIII en estilo gótico.
Su elemento distintivo es su alta torre de más de 70 metros y 368 escalones, y en su interior te llamarán la atención las vidrieras de estilo art noveau realizadas por un artista polaco durante el primer tercio del siglo XX.','https://res.cloudinary.com/vicalex/image/upload/v1610389982/DBViajes/Catedral_de_San_nicolas.jpg');
INSERT INTO CJV_Atraccion(id_pais,id_ciudad,id,nombre,descripcion,url_imagen) VALUES (3,3,6,'Barrio medieval de Auge','A él llegas desde la catedral en un paseo que se convierte en un descenso por varias estrechas y empinadas calles que te conducen hacia el río.
Al llegar a Auge, también conocido como la ciudad baja, te aviso que tendrás la sensación de encontrarte en un pequeño pueblo, con sus casas entramadas y hasta los restos de una fortificación.
De hecho, Auge en origen fue un pequeño pueblo que con el tiempo pasó a ser absorbido por el municipio de Friburgo.','https://res.cloudinary.com/vicalex/image/upload/v1610389946/DBViajes/Barrio_medieval_de_Auge.jpg');
INSERT INTO CJV_Atraccion(id_pais,id_ciudad,id,nombre,descripcion,url_imagen) VALUES (4,4,7,'La Acrópolis','puede considerarse la más representativa de las acrópolis griegas. La acrópolis era, literalmente, la ciudad alta​ (ἄκρο- cima, extremo, punta, πόλις ciudad) y estaba presente en la mayoría de las ciudades griegas, con una doble función: defensiva y como sede de los principales lugares de culto. La de Atenas está situada sobre una cima, que se alza 156 metros sobre el nivel de mar. También es conocida como Cecropia en honor del legendario hombre-serpiente, Cécrope, el primer rey ateniense.','https://res.cloudinary.com/vicalex/image/upload/v1610389891/DBViajes/La_Acropolis.jpg');
INSERT INTO CJV_Atraccion(id_pais,id_ciudad,id,nombre,descripcion,url_imagen) VALUES (4,4,8,'Museo de la Acrópolis','es un museo arqueológico griego situado en la ciudad de Atenas, en un edificio ubicado a unos 300 m al sur de la acrópolis. Es uno de los principales museos arqueológicos de Atenas y es también considerado como uno de los más importantes del mundo.​','https://res.cloudinary.com/vicalex/image/upload/v1610390002/DBViajes/museo-de-acropolis.jpg');
INSERT INTO CJV_Atraccion(id_pais,id_ciudad,id,nombre,descripcion,url_imagen) VALUES (5,5,9,'Fuerte viejo de Zanzibar','es una fortificación ubicada en Stone Town, Zanzíbar, Tanzania. Es el edificio más antiguo​ y una de las principales atracciones turísticas de Stone Town.','https://res.cloudinary.com/vicalex/image/upload/v1610389921/DBViajes/Fuerte-viejo-de-Zanzibar.jpg');
INSERT INTO CJV_Atraccion(id_pais,id_ciudad,id,nombre,descripcion,url_imagen) VALUES (5,5,10,'Hamamni','Los baños persas de Hamamni se encuentran en un edificio histórico de Stone Town, Zanzíbar. El nombre Hamamni también se usa para referirse al vecindario donde se encuentra el edificio.','https://res.cloudinary.com/vicalex/image/upload/v1610390012/DBViajes/Hamamni_Persian_Baths.jpg');
INSERT INTO CJV_Atraccion(id_pais,id_ciudad,id,nombre,descripcion,url_imagen) VALUES (6,6,11,'Aquapark Flipper','Parque de agua de grandes dimensiones especial para toda la familia.','https://res.cloudinary.com/vicalex/image/upload/v1610390009/DBViajes/aquapark-flipper.jpg');
INSERT INTO CJV_Atraccion(id_pais,id_ciudad,id,nombre,descripcion,url_imagen) VALUES (6,6,12,'Kasbah','Qasbah, kasbah o casbah son un término de sentido amplio que en el mundo árabe hace referencia a fortificaciones, medinas o fortalezas según la región.​​​ También se le conoce como gasaba y quasabeh, o qassabah en India, alcáçova en portugués y «alcazaba» en castellano.','https://res.cloudinary.com/vicalex/image/upload/v1610389970/DBViajes/Kasbah_of_Sfax.jpg');
INSERT INTO CJV_Atraccion(id_pais,id_ciudad,id,nombre,descripcion,url_imagen) VALUES (7,7,13,'áridas dunas de Soussusvlei','Duna 45 es una duna de estrella situada en el área de Sossusvlei, en desierto de Namib en Namibia. Su nombre se debe a que se encuentra en el punto kilométrico 45 de la carretera que conecta la entrada a Sesriem y Sossusvlei.','https://res.cloudinary.com/vicalex/image/upload/v1610391358/DBViajes/Soussusvlei-dunas-namibia.jpg');
INSERT INTO CJV_Atraccion(id_pais,id_ciudad,id,nombre,descripcion,url_imagen) VALUES (7,7,14,'Tintenpalast','El Tintenpalast es la sede de una de las dos cámaras del poder legislativo de Namibia, la Asamblea Nacional. Se halla en la capital del país, Windhoek. Otro edificio al este alberga la otra cámara, el Consejo Nacional.','https://res.cloudinary.com/vicalex/image/upload/v1610389998/DBViajes/Tintenpalast-Windhoek.jpg');
INSERT INTO CJV_Atraccion(id_pais,id_ciudad,id,nombre,descripcion,url_imagen) VALUES (8,8,15,'parque lemur','El parque de los lémures es un pequeño jardín botánico y una reserva natural de lémures que abarca 5 hectáreas. Se encuentra a 22 kilómetros al suroeste de Antananarivo, Madagascar. Fue fundado en 2000 por Laurent Amouric y Maxime Allorge.','https://res.cloudinary.com/vicalex/image/upload/v1610389917/DBViajes/Lemur_park.png');
INSERT INTO CJV_Atraccion(id_pais,id_ciudad,id,nombre,descripcion,url_imagen) VALUES (8,8,16,'lago anasoy','La extension mas bella de agua de la zona.','https://res.cloudinary.com/vicalex/image/upload/v1610389957/DBViajes/Lago-Anasoy.jpg');
INSERT INTO CJV_Atraccion(id_pais,id_ciudad,id,nombre,descripcion,url_imagen) VALUES (9,9,17,'Botanical Garden','Uno de los jardines botanicos mas importantes de nuestra era.','https://res.cloudinary.com/vicalex/image/upload/v1610389952/DBViajes/Melbour_Parque_Botanico.jpg');
INSERT INTO CJV_Atraccion(id_pais,id_ciudad,id,nombre,descripcion,url_imagen) VALUES (9,9,18,'ACMI (Australian Centre for the Moving Image)','El Centro Australiano para la Imagen en Movimiento, en Federation Square, Melbourne, es el museo nacional de cine, videojuegos, cultura digital y arte de Australia.','https://res.cloudinary.com/vicalex/image/upload/v1610389996/DBViajes/ACMI.jpg');
INSERT INTO CJV_Atraccion(id_pais,id_ciudad,id,nombre,descripcion,url_imagen) VALUES (10,10,19,'Kiwi Birdlife Park','Explore our 5 acre oasis at the Kiwi Birdlife Park. See live kiwi, guaranteed! Kiwi encounters, conservation shows and self-guided audio tours','https://res.cloudinary.com/vicalex/image/upload/v1610390006/DBViajes/kiwi-Bridlife-Park.jpg');
INSERT INTO CJV_Atraccion(id_pais,id_ciudad,id,nombre,descripcion,url_imagen) VALUES (10,10,20,'Coronet Peak Ski Area','Coronet Peak es un skifield comercial en Queenstown, Nueva Zelanda, ubicado a siete kilómetros al oeste de Arrowtown, en la ladera sur del pico de 1.649 metros que comparte su nombre','https://res.cloudinary.com/vicalex/image/upload/v1610389985/DBViajes/Coronet-Peak-Ski-Area.jpg');
INSERT INTO CJV_Atraccion(id_pais,id_ciudad,id,nombre,descripcion,url_imagen) VALUES (11,11,21,'volcán Rano Raraku','Rano Raraku es un cráter volcánico formado a partir de ceniza consolidada ubicado en la isla de Pascua.','https://res.cloudinary.com/vicalex/image/upload/v1610389847/DBViajes/Volvan-rano-raraku.jpg');
INSERT INTO CJV_Atraccion(id_pais,id_ciudad,id,nombre,descripcion,url_imagen) VALUES (11,11,22,'Parque Nacional Orongo','El Parque Nacional Rapa Nui tiene una superficie de 7.130 hectáreas, localizado en la Isla de Pascua o Te Pito te Henua ("ombligo del mundo"), en el extremo oriental de Polinesia, en el Océano Pacífico Sur. Se encuentra a 3.700 km. de la costa de Chile continental y a 4200 km. de Tahiti, territorio de la Polinesia Francesa.','https://res.cloudinary.com/vicalex/image/upload/v1610389995/DBViajes/Parque_Nacional_Orongo.jpg');
INSERT INTO CJV_Atraccion(id_pais,id_ciudad,id,nombre,descripcion,url_imagen) VALUES (12,12,23,'Playa Matira','Un destino turistico familiar para pasar el dia.','https://res.cloudinary.com/vicalex/image/upload/v1610389892/DBViajes/Playa-Matira.jpg');
INSERT INTO CJV_Atraccion(id_pais,id_ciudad,id,nombre,descripcion,url_imagen) VALUES (12,12,24,'Monte Otemanu','es el punto más alto de Bora Bora. Junto con el Monte Pahia forma los restos de un volcán extinguido que una vez existió en el centro de la isla','https://res.cloudinary.com/vicalex/image/upload/v1610389824/DBViajes/Monte-Otemanu.jpg');
INSERT INTO CJV_Atraccion(id_pais,id_ciudad,id,nombre,descripcion,url_imagen) VALUES (13,13,25,'Cúpula Genbaku(monumento de la paz)','La cúpula Genbaku (bomba atómica) era un edificio originalmente diseñado por el arquitecto checo Jan Letzel cuya construcción fue completada en 1915. Se denominó Hiroshima Sangyo Shoreikan (Pabellón de la promoción industrial de la prefectura de Hiroshima) y estaba destinado a la exposición de productos fabricados en Hiroshima. En aquel tiempo era poco frecuente encontrar un edificio que incorporara un jardín de estilo occidental y era uno de los lugares más atractivos para la población de Hiroshima','https://res.cloudinary.com/vicalex/image/upload/v1610389840/DBViajes/Cupula-Genbaku.jpg');
INSERT INTO CJV_Atraccion(id_pais,id_ciudad,id,nombre,descripcion,url_imagen) VALUES (13,13,26,'Torii Flotante del Santuario Itsukushima','El gran torii del santuario Itsukushima es, sin duda alguna, el símbolo de la isla de Miyajima. Se construyó en 1168 a unos 200 metros de la costa, exactamente a 212,7 metros de distancia del oratorio Haiden y a 173,4 metros de distancia de la lámpara de cobre Hitasaki.','https://res.cloudinary.com/vicalex/image/upload/v1610389987/DBViajes/Torii-Flotante.jpg');
INSERT INTO CJV_Atraccion(id_pais,id_ciudad,id,nombre,descripcion,url_imagen) VALUES (14,14,27,'Templo de Confucio','El Templo de Confucio en Qufu, provincia de Shandong, China, es el templo de Confucio "original", el más amplio y conocido de Asia Oriental.','https://res.cloudinary.com/vicalex/image/upload/v1610389829/DBViajes/Templo_de-Confucio.jpg');
INSERT INTO CJV_Atraccion(id_pais,id_ciudad,id,nombre,descripcion,url_imagen) VALUES (14,14,28,'Fuerte Anping','Construido por los holandeses en 1624, fue la primera fortaleza de Taiwán conocida entonces como "Ciudad de Orange" y la sede de gobierno de los holandeses, así como su centro comercial. En el año 1661, después que Zheng Chenggong (Koxinga) expulsó a los holandeses cambió su nombre a Anping.','https://res.cloudinary.com/vicalex/image/upload/v1610389815/DBViajes/Fuerte-Anping.jpg');
INSERT INTO CJV_Atraccion(id_pais,id_ciudad,id,nombre,descripcion,url_imagen) VALUES (15,15,29,'Museo Valenzuela','Museo Valenzuela is a museum in Valenzuela in Metro Manila, Philippines. It is the citys historical and cultural landmark, named after Dr. Pío Valenzuela in 1963. Museo Valenzuela features collections of artifacts depicting the citys past and continuing development, it also serves as a repository of the citys rich heritage and a beacon of light to its people and guests. It is likewise a venue for historical, cultural, and artistic presentations as well as seminars and symposia on national and local issues.','https://res.cloudinary.com/vicalex/image/upload/v1610389828/DBViajes/MuseoValenzuelajf4368_15.jpg');
INSERT INTO CJV_Atraccion(id_pais,id_ciudad,id,nombre,descripcion,url_imagen) VALUES (15,15,30,'Valenzuela people´s park','The Valenzuela Peoples Park, officially the Valenzuela City Peoples Park and also known to local residents as simply Peoples Park or VCPP, is an urban community park located in the city of Valenzuela, Philippines.','https://res.cloudinary.com/vicalex/image/upload/v1610389841/DBViajes/Peoples_Park.jpg');
INSERT INTO CJV_Atraccion(id_pais,id_ciudad,id,nombre,descripcion,url_imagen) VALUES (16,16,31,'museo de los vestigios de la guerra','El Museo de los Vestigios de la Guerra es un museo situado en la calle Vo Van Tan de la ciudad Ho Chi Minh, en Vietnam. Su objetivo es mostrar al mundo el resultado de la ocupación estadounidense y de ese periodo de la historia.','https://res.cloudinary.com/vicalex/image/upload/v1610389973/DBViajes/Museo-Vestigios-de-la-guera.jpg');
INSERT INTO CJV_Atraccion(id_pais,id_ciudad,id,nombre,descripcion,url_imagen) VALUES (16,16,32,'Saigon Skydeck','Mirador acristalado con vistas panorámicas, situado en la 49.ª planta de la Bitexco Financial Tower.','https://res.cloudinary.com/vicalex/image/upload/v1610389855/DBViajes/saigon-skydeck.jpg');
INSERT INTO CJV_Atraccion(id_pais,id_ciudad,id,nombre,descripcion,url_imagen) VALUES (17,17,33,'Cascadas de Agua Azul','El área de protección de flora y fauna Cascadas de Agua Azul, también de la Catarata de Agua Azul, es una área de protección de flora y fauna de México localizada en el estado de Chiapas de reconocimiento internacional.​​','https://res.cloudinary.com/vicalex/image/upload/v1610389826/DBViajes/Cascada-Agua-Azul.jpg');
INSERT INTO CJV_Atraccion(id_pais,id_ciudad,id,nombre,descripcion,url_imagen) VALUES (17,17,34,'Zona Arqueológica Palenque','Palenque es un yacimiento arqueológico que, junto a Chichén Itzá y Tikal, es uno de los tres pueblos más importantes de la cultura maya que se encuentra enclavado en el centro de una selva tropical','https://res.cloudinary.com/vicalex/image/upload/v1610389931/DBViajes/Zona-Arqueologia-Palenque.jpg');
INSERT INTO CJV_Atraccion(id_pais,id_ciudad,id,nombre,descripcion,url_imagen) VALUES (18,18,35,'sitio arqueológico de Huaca Pucllana','Huaca Pucllana es un sitio arqueológico perteneciente a la cultura Lima, del periodo de los desarrollos regionales, ubicado en el distrito de Miraflores, provincia de Lima, capital de la República del Perú.','https://res.cloudinary.com/vicalex/image/upload/v1610389855/DBViajes/Huaca_Pucllana.jpg');
INSERT INTO CJV_Atraccion(id_pais,id_ciudad,id,nombre,descripcion,url_imagen) VALUES (18,18,36,'Valle Sagrado','El Valle Sagrado de los Incas, en los Andes peruanos, está compuesto por numerosos ríos que descienden por quebradas y pequeños valles; posee numerosos monumentos arqueológicos y pueblos indígenas. Este valle fue muy apreciado por los incas debido a sus especiales cualidades geográficas y climáticas.','https://res.cloudinary.com/vicalex/image/upload/v1610389827/DBViajes/valle-sagrado.jpg');
INSERT INTO CJV_Atraccion(id_pais,id_ciudad,id,nombre,descripcion,url_imagen) VALUES (19,19,37,'la cueva de la vaca','Catalogada como la cueva más extrema de Santander ya que cuenta con los mejores escenarios dispuestos a cautivar a sus visitantes.','https://res.cloudinary.com/vicalex/image/upload/v1610389979/DBViajes/La-Cueva-de-la-vaca.jpg');
INSERT INTO CJV_Atraccion(id_pais,id_ciudad,id,nombre,descripcion,url_imagen) VALUES (19,19,38,'El camino real a Guane','El Camino Real es un fantástico camino rodeado de naturaleza y paisajes impresionantes.','https://res.cloudinary.com/vicalex/image/upload/v1610389928/DBViajes/Camino-Real.jpg');
INSERT INTO CJV_Atraccion(id_pais,id_ciudad,id,nombre,descripcion,url_imagen) VALUES (20,20,39,'Caminito','Un sitio inolvidable para la familia.','https://res.cloudinary.com/vicalex/image/upload/v1610389898/DBViajes/caminito.jpg');
INSERT INTO CJV_Atraccion(id_pais,id_ciudad,id,nombre,descripcion,url_imagen) VALUES (20,20,40,'Casa Rosada','es la sede del Poder Ejecutivo de la República Argentina. Dentro de la misma se encuentra el despacho del presidente de la Nación','https://res.cloudinary.com/vicalex/image/upload/v1610390009/DBViajes/casa_rosada.jpg');
INSERT INTO CJV_Atraccion(id_pais,id_ciudad,id,nombre,descripcion,url_imagen) VALUES (21,21,41,'walter whites house','La casa de la famosa serie de television Breaking Bad.','https://res.cloudinary.com/vicalex/image/upload/v1610389829/DBViajes/Walter-White-House.jpg');
INSERT INTO CJV_Atraccion(id_pais,id_ciudad,id,nombre,descripcion,url_imagen) VALUES (21,21,42,'ABQ BioPark Botanic Garden','El Jardín Botánico de Río Grande, es un jardín botánico de 8 hectáreas de extensión y 900 m² de conservatorio ubicado junto al río Grande en Albuquerque, Nuevo México. Está administrado por la «New Mexico BioPark Society». Presenta trabajos para la «International Agenda for Botanic Gardens in Conservation».','https://res.cloudinary.com/vicalex/image/upload/v1610390010/DBViajes/ABQ-BioPark.jpg');
INSERT INTO CJV_Atraccion(id_pais,id_ciudad,id,nombre,descripcion,url_imagen) VALUES (22,22,43,'distrito historico de Gastwon','El animado barrio de Gastown es conocido por su silbante Reloj de Vapor y su mezcla de tiendas de recuerdos, galerías de arte independientes y tiendas de decoración en edificios victorianos. El panorama moderno de comida y bebida incluye elegantes salones de cócteles y restaurantes que sirven de todo, desde sándwiches gurmé hasta mariscos locales.','https://res.cloudinary.com/vicalex/image/upload/v1610389981/DBViajes/gastown_steamclock_vagastown.jpg');
INSERT INTO CJV_Atraccion(id_pais,id_ciudad,id,nombre,descripcion,url_imagen) VALUES (22,22,44,'isla Granville','Granville Island es una península y un distrito comercial en Vancouver, Columbia Británica, Canadá. Se encuentra al otro lado de False Creek desde el centro de Vancouver, debajo del extremo sur del Granville Street Bridge.','https://res.cloudinary.com/vicalex/image/upload/v1610389996/DBViajes/cayo-arena.-puerto-plata.jpg');
INSERT INTO CJV_Atraccion(id_pais,id_ciudad,id,nombre,descripcion,url_imagen) VALUES (23,23,45,'teleferico de la ciudad','El teleferico que recorre la ciudad desde donde podras ver sus maravillas','https://res.cloudinary.com/vicalex/image/upload/v1610389909/DBViajes/teleferico-puerto-plata.webp');
INSERT INTO CJV_Atraccion(id_pais,id_ciudad,id,nombre,descripcion,url_imagen) VALUES (23,23,46,'Cayo Arena','Un cayo para el mayor disfrute tropical de toda la zona','https://res.cloudinary.com/vicalex/image/upload/v1610389996/DBViajes/cayo-arena.-puerto-plata.jpg');
INSERT INTO CJV_Atraccion(id_pais,id_ciudad,id,nombre,descripcion,url_imagen) VALUES (24,24,47,'Blue Mountain','Un destino turistico infaltable en tu visita por el pais.','https://res.cloudinary.com/vicalex/image/upload/v1610389963/DBViajes/Blue-Mountain.jpg');
INSERT INTO CJV_Atraccion(id_pais,id_ciudad,id,nombre,descripcion,url_imagen) VALUES (24,24,48,'el Museo Bob Marley','El Museo Bob Marley es un museo en Kingston, la capital de Jamaica, dedicado al músico de reggae Bob Marley. El museo está ubicado en 56 Hope Road, Kingston 6, donde fue alguna vez el lugar de residencia del cantante.','https://res.cloudinary.com/vicalex/image/upload/v1610389832/DBViajes/Museo-de-Bob-Marley.jpg');


------AGENCIAS

INSERT INTO CJV_Agencia(id,nombre,descripcion,pagina_web,alcance,operacion) VALUES (nextval('cjv_s_agencia'),'mexicotours','Nuestro equipo está conformado por personas de diferentes naciones como México, Argentina, Austria, Alemania, y los Estados Unidos, juntando más de 60 años de experiencia.
Sabemos que el éxito de una empresa va más allá de las expectativas económicas. Por eso adoptamos una visión integral donde trabajamos con diferentes personas, e instituciones en el mundo para implementar prácticas que aporten al bienestar económico, social y ambiental de nuestros colaboradores y su entorno.','https://mexicotours.com.mx/','I','minorista');
INSERT INTO CJV_Agencia(id,nombre,descripcion,pagina_web,alcance,operacion) VALUES (nextval('cjv_s_agencia'),'BuscoUnViaje','Hemos reunido las mejores agencias en una sola plataforma para ofrecerte más de 2.000 viajes a más de 600 destinos de todo el mundo: experiencia viajera e innovación tecnológica para que llegues donde ni te imaginas, pero siempre con garantía de calidad, con autenticidad y sin tener que organizar por ti mismo aquello que parece imposible. Nosotros lo hacemos posible sin gastos extras ni comisiones porque queremos que aproveches tu tiempo disfrutando de la emoción del viaje y, por ello, nos esforzamos para que encontrar ese viaje que te encaja sea fácil y rápido.','www.buscounviaje.com','I','mayorista');
INSERT INTO CJV_Agencia(id,nombre,descripcion,pagina_web,alcance,operacion) VALUES (nextval('cjv_s_agencia'),'Festival International','Festival Tours Operators es una empresa proveedora de viajes bilingües que ofrece visitas guiadas a los destinos turísticos más visitados del mundo.
Festival tours Operators fue fundada por Robert White y Janet Melendez hace más de 25 años en las soleadas colinas del sur de California.
Así, estos diversos componentes forman el carácter de una compañía multicultural en el mercado turístico internacional.','www.europatoursypaquetes.com','I','operadoras');
INSERT INTO CJV_Agencia(id,nombre,descripcion,pagina_web,alcance,operacion) VALUES (nextval('cjv_s_agencia'),'Tripadvisor','la plataforma de viajes más grande del mundo, ayuda a que 463 millones de viajeros cada mes hagan de cada viaje su mejor viaje. Viajeros de todo el mundo usan el sitio y la aplicación de Tripadvisor para consultar más de 859 millones de opiniones y comentarios sobre 8,6 millones de alojamientos, restaurantes, experiencias, aerolíneas y cruceros.','https://www.tripadvisor.com.ve/','I','mayorista');
INSERT INTO CJV_Agencia(id,nombre,descripcion,pagina_web,alcance,operacion) VALUES (nextval('cjv_s_agencia'),'goaheadtours','Viajar es la mejor manera de aprender sobre el mundo y nuestros recorridos facilitan el acceso al corazón de un destino. Como la empresa de educación privada más grande del mundo, nos basamos en más de 50 años de experiencia y una rica red de viajes locales, directores de historiadores y expertos para crear viajes únicos para viajeros curiosos. Cada viaje ofrece el equilibrio perfecto de actividades cuidadosamente planificadas y tiempo libre para explorar sus intereses, por lo que volverá a casa con recuerdos que durarán toda la vida.','https://www.goaheadtours.com/','I','mixta');
INSERT INTO CJV_Agencia(id,nombre,descripcion,pagina_web,alcance,operacion) VALUES (nextval('cjv_s_agencia'),'crownTravel','Contamos con más de 10 años de experiencia en el mercado turístico argentino. Nuestra especialización está basada en un profundo conocimiento de los destinos y servicios operados, adquirido gracias a numerosos viajes de familiarización, inspección y reconocimiento.con una especialización exclusiva en destinos exóticos: África, Islas del Océano Indico, Medio y Lejano Oriente, Oceanía y Pacífico Sur.','https://www.crowntravel.com.ar/index.php','I','operadoras');
INSERT INTO CJV_Agencia(id,nombre,descripcion,pagina_web,alcance,operacion) VALUES (nextval('cjv_s_agencia'),'intrepid travel','Viajar nos ofrece a todos algunas experiencias increíbles, pero ¿qué pasa con las comunidades y personas que visitamos en el camino? Desde el principio, los viajes responsables han sido el núcleo de lo que hacemos. 
Como empresa responsable , siempre nos hemos comprometido a estar allí para nuestros viajeros y las comunidades que visitamos. Por lo tanto, puede confiar en que cuando viaje con nosotros, no solo estaremos allí para su primera aventura, estaremos allí en cada paso de su viaje.','https://www.intrepidtravel.com/','I','mixta');
INSERT INTO CJV_Agencia(id,nombre,descripcion,pagina_web,alcance,operacion) VALUES (nextval('cjv_s_agencia'),'all Japan Tours','All Japan Tours ofrece posibilidades ilimitadas de vacaciones para explorar y experimentar un viaje inolvidable a Japón. Ya sea que esté interesado en excursiones de cerezo japonés , visitas del festival , hojas de otoño excursiones o viajes de interés especial , nuestros paquetes turísticos Japón traerán sus sueños de vacaciones a la realidad.
Elija recorridos según el estilo , el interés , la fecha o la temporada . Nuestros paquetes turísticos para grupos en Japón están completamente acompañados, y también podemos organizar recorridos privados de interés especial , recorridos grupales personalizadosy otros recorridos por países de Asia para satisfacer sus necesidades específicas.','https://alljapantours.com/','N','minorista');
INSERT INTO CJV_Agencia(id,nombre,descripcion,pagina_web,alcance,operacion) VALUES (nextval('cjv_s_agencia'),'expedia','Expedia Group impulsa los viajes a una audiencia global altamente valiosa de consumidores de viajes, colaborando con las principales marcas de consumo del mundo para proporcionar una demanda incremental y reservas directas. Los agentes de viajes tienen acceso directo a una de las selecciones más amplias de productos y servicios de viajes en la plataforma de viajes del mundo.','https://www.expedia.mx/','I','mayorista');


----ASOCIACIONES

INSERT INTO cjv_asociacion (id_agencia1, id_agencia2, fecha_inicio, fecha_fin) VALUES 
(4, 8, '7/7/2011', '24/9/2014'),
(7, 3, '1/4/2013', '6/10/2019'),
(9, 2, '19/12/2014', '21/5/2017'),
(9, 5, '8/11/2015', null),
(4, 3, '10/1/2017', null),
(4, 2, '25/8/2018', null),
(1, 2, '15/9/2019', null),
(1, 5, '3/1/2020', null),
(6, 8, '19/8/2020', null),
(1, 4, '10/6/2019', null),
(8, 2, '21/11/2018', null),
(4, 9, '14/3/2017', null);

--------AREAS DE INTERES

INSERT INTO CJV_Area_interes(id,nombre,descripcion) VALUES (nextval('cjv_s_area_interes'),'Aventura','El turismo de aventura es un tipo de turismo que implica exploraciones o viajes con una percepción de riesgos, y que potencialmente requiere de destrezas especiales o de ciertas condiciones físicas donde es común la práctica de algún deporte extremo.');
INSERT INTO CJV_Area_interes(id,nombre,descripcion) VALUES (nextval('cjv_s_area_interes'),'Celebraciones Especiales','Los viajes que son de este tipo se centran en festejar fechas importantes ya sea algo cultural o bien que sea un evento importante para una persona que merece una celebración diferente.');
INSERT INTO CJV_Area_interes(id,nombre,descripcion) VALUES (nextval('cjv_s_area_interes'),'Cultura & Educación','Es un tipo de turismo enfocado al aprendizaje, conocer nuevos lugares y aprender de ellos lo más que se pueda es el objetivo de esta área del turismo');
INSERT INTO CJV_Area_interes(id,nombre,descripcion) VALUES (nextval('cjv_s_area_interes'),'Submarinismo','Turismo enfocado a la exploración y admiración del fondo del mar, su flora y fauna, sus estructuras, etc.');
INSERT INTO CJV_Area_interes(id,nombre,descripcion) VALUES (nextval('cjv_s_area_interes'),'Pesca','Se centra en las rutas de pesca, en donde se pueden entrar todo tipo de peces');
INSERT INTO CJV_Area_interes(id,nombre,descripcion) VALUES (nextval('cjv_s_area_interes'),'Gastronomía','Turismo enfocado a la comidas típicas de las regiones');
INSERT INTO CJV_Area_interes(id,nombre,descripcion) VALUES (nextval('cjv_s_area_interes'),'Romance','Este área de interés se enfoca en fortalecer relaciones de parejas, perfecto para una luna de miel.');
INSERT INTO CJV_Area_interes(id,nombre,descripcion) VALUES (nextval('cjv_s_area_interes'),'SPA & Bienestar','La relajación es el fuerte de este tipo de turismo, se centra en el descanso, la recuperación de fuerzas y lo más importante hacer sentir a las personas que han recobrado vitalidad.');
INSERT INTO CJV_Area_interes(id,nombre,descripcion) VALUES (nextval('cjv_s_area_interes'),'Turismo familiar','El turismo de este tipo se trata de realizar actividades entre toda la familia, conocer nuevos lugares y crear nuevos y grandiosos recuerdos con los seres queridos');


----AGEN_INT

INSERT INTO cjv_agen_int VALUES
(1,	1),
(2,	2),
(3,	3),
(4,	7),
(5,	3),
(6,	4),
(7,	1),
(8,	2),
(9,	6),
(1,	3),
(2,	6),
(3,	6),
(4,	9),
(5,	8),
(6,	5),
(7,	3),
(8,	3),
(9,	8);


----DESCUENTO

INSERT INTO CJV_descuento VALUES
(1, nextval('cjv_s_descuento'), '10/5/2019', 'niños', 10, 'descuento para menores de edad', null),
(2, nextval('cjv_s_descuento'), '20/5/2019', 'tercera edad', 15, 'descuento para mayores de 60 años', null),
(3, nextval('cjv_s_descuento'), '12/7/2019', 'niños', 12, 'descuento para menores de edad', null),
(4, nextval('cjv_s_descuento'), '13/9/2019', 'mujeres', 8, 'descuento para damas', null),
(5, nextval('cjv_s_descuento'), '14/5/2019', 'tercera edad', 20, 'descuento para mayores de 60 años', null),
(6, nextval('cjv_s_descuento'), '4/10/2019', 'mujeres', 8, 'descuento para damas', null),
(7, nextval('cjv_s_descuento'), '16/3/2019', 'niños', 10, 'descuento para menores de edad', null),
(8, nextval('cjv_s_descuento'), '17/7/2019', 'tercera edad', 15, 'descuento para mayores de 60 años', null),
(9, nextval('cjv_s_descuento'), '18/5/2019', 'niños', 14, 'descuento para menores de edad', null);


-----PROVEEDORES

insert into cjv_proveedor values(nextval('cjv_s_proveedor'),'American Airlines');
insert into cjv_proveedor values(nextval('cjv_s_proveedor'),'Air New Zealand');
insert into cjv_proveedor values(nextval('cjv_s_proveedor'),'Virgin Atlantic');
insert into cjv_proveedor values(nextval('cjv_s_proveedor'),'Melia Hotels International');
insert into cjv_proveedor values(nextval('cjv_s_proveedor'),'NH Hotel Group');
insert into cjv_proveedor values(nextval('cjv_s_proveedor'),'Marriot International');
insert into cjv_proveedor values(nextval('cjv_s_proveedor'),'Hilton WorldWide Holdings');
insert into cjv_proveedor values(nextval('cjv_s_proveedor'),'Air France');
insert into cjv_proveedor values(nextval('cjv_s_proveedor'),'Iberia');
insert into cjv_proveedor values(nextval('cjv_s_proveedor'),'Royal Caribbean International');
insert into cjv_proveedor values(nextval('cjv_s_proveedor'),'Kayak');
insert into cjv_proveedor values(nextval('cjv_s_proveedor'),'Kawagoe Prince Hotel');
insert into cjv_proveedor values(nextval('cjv_s_proveedor'),'TAP Air Portugal');
insert into cjv_proveedor values(nextval('cjv_s_proveedor'),'Trivago');
insert into cjv_proveedor values(nextval('cjv_s_proveedor'),'Airbnb');
insert into cjv_proveedor values(nextval('cjv_s_proveedor'),'GetYourCar');
insert into cjv_proveedor values(nextval('cjv_s_proveedor'),'Cruceros Quovadis');

----HISTORICO_PROVEEDOR

INSERT INTO CJV_historico_proveedor VALUES
(1, 9, '8/11/2015', '5/9/2016'),
(4, 5, '10/1/2017', '22/2/2019'),
(7, 4, '10/1/2017', '3/10/2017'),
(1, 1, '23/5/2018', null),
(1, 6, '15/7/2019', null),
(2, 2, '7/10/2019', null),
(2, 5, '12/11/2018', null),
(3, 1, '21/6/2019', null),
(3, 6, '17/2/2019', null),
(4, 3, '5/8/2020', null),
(4, 7, '22/1/2019', null),
(5, 8, '21/3/2018', null),
(5, 5, '28/7/2019', null),
(6, 4, '2/4/2019', null),
(6, 9, '11/12/2019', null),
(7, 2, '24/5/2020', null),
(7, 7, '4/6/2019', null),
(8, 4, '22/6/2020', null),
(8, 7, '9/10/2019', null),
(9, 1, '12/2/2019', null),
(9, 4, '19/4/2019', null);


----VENDEDOR
INSERT INTO CJV_vendedor VALUES
(nextval('cjv_s_vendedor'), 'Jorge', 'Gonzalez', '10/5/1993', 'M', 1, 'Carlos', 'Hernandez'),
(nextval('cjv_s_vendedor'), 'Victor', 'Barrios', '8/11/1995', 'M', 2, 'Ramon', 'Morffe'),
(nextval('cjv_s_vendedor'), 'Jose', 'Gomez', '7/4/1992', 'M', 3, null, 'Pizarro'),
(nextval('cjv_s_vendedor'), 'Cristian', 'Ramirez', '11/7/1996', 'M', 4, 'Jorge', 'Perez'),
(nextval('cjv_s_vendedor'), 'Madelein', 'Fernandez', '31/1/2000', 'F', 5, 'Sofia', 'Marquez'),
(nextval('cjv_s_vendedor'), 'Victoria', 'Rivero', '13/5/1999', 'F', 6, null, 'Jordan'),
(nextval('cjv_s_vendedor'), 'Carlos', 'Martinez', '15/3/1997', 'M', 7, 'Esteban', 'Franquis'),
(nextval('cjv_s_vendedor'), 'Sofia', 'Gerrero', '10/7/1995', 'F', 8, 'Carolina', 'Betancourt'),
(nextval('cjv_s_vendedor'), 'Carla', 'Almeida', '24/5/1994', 'F', 9, 'Elizabeth', 'Cardenas');


----PAQUETE

INSERT INTO CJV_paquete VALUES
(1, nextval('cjv_s_paquete'), 'Aventuras inolvidables', 'Conoce lo mejor de la naturaleza de la mano de aventuras inolvidables', 5, 6),
(3, nextval('cjv_s_paquete'), 'Fin de semana en pareja', 'Fin de semana en pareja para darle un cariñito a tu relacion', 3, 2),
(4, nextval('cjv_s_paquete'), 'Paraiso para 2 personas', 'Uno de los destinos mas paradisiacos del planeta', 3, 2),
(8, nextval('cjv_s_paquete'), 'Festival Hanami', 'Conoce mas de la cultura asiatica a traves de uno de los Festivales mas importantes', 7, 6),
(2, nextval('cjv_s_paquete'), 'Descanso en Pareja', '2 dias de descanso para parejas', 2, 2),
(7, nextval('cjv_s_paquete'), 'Decubre nuevas Culturas', 'Un viaje para descubrir las maravillas de las culturas locales siendo amable con el ambiente', 4, 4),
(5, nextval('cjv_s_paquete'), 'Fin de semana romantico', 'Fin de semana para 2 con todo incluido, para que disfrutes en pareja de las maravillas que te esperan', 3, 2),
(6, nextval('cjv_s_paquete'), 'La magia del medio oriente', 'Conoce estas tierras exoticas con tu grupo familiar o amigos con todo incluido', 7, 4),
(9, nextval('cjv_s_paquete'), 'Europa en grupo', 'Conocer Europa con tus amigos o familia', 15, 10);

----ESPECIALIZACION

INSERT INTO CJV_especializacion VALUES
(1, nextval('cjv_s_especializacion'), 1, 1, 1, 1, 17, 17, 33, 'Aventura al aire libre'),
(2, nextval('cjv_s_especializacion'), 2, 2, 2, 5, 10, 10, 19, 'Paraiso animal'),
(6, nextval('cjv_s_especializacion'), 3, 3, 3, 2, 22, 22, 43, 'Para paladares exigentes'),
(7, nextval('cjv_s_especializacion'), 4, 4, 4, 3, 23, 23, 46, 'Un viaje romantico'),
(8, nextval('cjv_s_especializacion'), 5, 5, 5, 7, 6, 6, 11, 'Fin de semana en pareja '),
(4, nextval('cjv_s_especializacion'), 6, 6, 6, 8, 5, 5, 9, 'Conociendo la estructuras antiguas'),
(3, nextval('cjv_s_especializacion'), 7, 7, 7, 6, 18, 18, 36, 'Cultura Responsable'),
(3, nextval('cjv_s_especializacion'), 8, 8, 8, 4, 13, 13, 26, 'Cultura Asiatica'),
(8, nextval('cjv_s_especializacion'), 9, 9, 9, 9, 2, 2, 3, 'Conociendo Europa');


----CALENDARIO_ANUAL

INSERT INTO CJV_calendario_anual VALUES
(1, 1, '10/5/2021', 'Temporada baja'),
(3, 2, '7/6/2021', 'TIempo para paladares exigentes'),
(4, 3, '8/8/2021', 'El tiempo es magico'),
(8, 4, '20/2/2021', 'Epoca del Festival'),
(2, 5, '5/1/2021', 'Inciando el año'),
(7, 6, '11/3/2021', 'Tiempo para disfrutar'),
(5, 7, '17/5/2021', 'Epoca para desconectarse'),
(6, 8, '13/4/2021', 'Tiempo para conocer'),
(9, 9, '8/11/2021', 'Conociendo las estaciones'),
(1, 1, '8/11/2018', 'Temporada baja'),
(3, 2, '9/4/2020', 'TIempo para paladares exigentes'),
(4, 3, '16/7/2019', 'El tiempo es magico'),
(8, 4, '13/5/2020', 'Epoca del Festival'),
(2, 5, '10/5/2019', 'Inciando el año'),
(7, 6, '7/6/2018', 'Tiempo para disfrutar'),
(5, 7, '8/8/2019', 'Epoca para desconectarse'),
(6, 8, '20/2/2019', 'Tiempo para conocer'),
(9, 9, '5/1/2020', 'Conociendo las estaciones');


----ITINERARIO

INSERT INTO CJV_itinerario VALUES
(1, 1, nextval('cjv_s_itinerario'), 1, 2, 17, 17),
(3, 2, nextval('cjv_s_itinerario'), 1, 1, 22, 22),
(4, 3, nextval('cjv_s_itinerario'), 1, 1, 23, 23),
(8, 4, nextval('cjv_s_itinerario'), 1, 3, 13, 13),
(2, 5, nextval('cjv_s_itinerario'), 1, 1, 10, 10),
(7, 6, nextval('cjv_s_itinerario'), 1, 2, 18, 18),
(5, 7, nextval('cjv_s_itinerario'), 1, 1, 6, 6),
(6, 8, nextval('cjv_s_itinerario'), 1, 3, 5, 5),
(9, 9, nextval('cjv_s_itinerario'), 1, 5, 2, 2),
(1, 1, nextval('cjv_s_itinerario'), 2, 2, 17, 17),
(3, 2, nextval('cjv_s_itinerario'), 2, 1, 22, 22),
(4, 3, nextval('cjv_s_itinerario'), 2, 1, 23, 23),
(8, 4, nextval('cjv_s_itinerario'), 2, 2, 13, 13),
(2, 5, nextval('cjv_s_itinerario'), 2, 1, 10, 10),
(7, 6, nextval('cjv_s_itinerario'), 2, 1, 18, 18),
(5, 7, nextval('cjv_s_itinerario'), 2, 1, 6, 6),
(6, 8, nextval('cjv_s_itinerario'), 2, 2, 5, 5),
(9, 9, nextval('cjv_s_itinerario'), 2, 5, 2, 2),
(1, 1, nextval('cjv_s_itinerario'), 3, 1, 17, 17),
(3, 2, nextval('cjv_s_itinerario'), 3, 1, 22, 22),
(4, 3, nextval('cjv_s_itinerario'), 3, 1, 23, 23),
(8, 4, nextval('cjv_s_itinerario'), 3, 2, 13, 13),
(7, 6, nextval('cjv_s_itinerario'), 3, 1, 18, 18),
(5, 7, nextval('cjv_s_itinerario'), 3, 1, 6, 6),
(6, 8, nextval('cjv_s_itinerario'), 3, 2, 5, 5),
(9, 9, nextval('cjv_s_itinerario'), 3, 5, 2, 2);


----ITIN_ATRACCION

INSERT INTO CJV_itin_atraccion VALUES
(1, 1, 1, 17, 17, 33, 1),
(3, 2, 2, 22, 22, 44, 1),
(4, 3, 3, 23, 23, 45, 1),
(8, 4, 4, 13, 13, 26, 1),
(2, 5, 5, 10, 10, 19, 1),
(7, 6, 6, 18, 18, 35, 1),
(5, 7, 7, 6, 6, 11, 1),
(6, 8, 8, 5, 5, 10, 1),
(9, 9, 9, 2, 2, 4, 1),
(1, 1, 10, 17, 17, 34, 2),
(3, 2, 11, 22, 22, 43, 2),
(4, 3, 12, 23, 23, 46, 2),
(8, 4, 13, 13, 13, 25, 2),
(2, 5, 14, 10, 10, 20, 2),
(7, 6, 15, 18, 18, 36, 2),
(5, 7, 16, 6, 6, 12, 2),
(6, 8, 17, 5, 5, 9, 2),
(9, 9, 18, 2, 2, 3, 2),
(1, 1, 19, 17, 17, 33, 3),
(3, 2, 20, 22, 22, 44, 3),
(4, 3, 21, 23, 23, 45, 3),
(8, 4, 22, 13, 13, 26, 3),
(7, 6, 23, 18, 18, 35, 3),
(5, 7, 24, 6, 6, 11, 3),
(6, 8, 25, 5, 5, 10, 3),
(9, 9, 26, 2, 2, 4, 3);


----SERVICIO_DETALLE

INSERT INTO CJV_servicio_detalle VALUES
(1, 1, nextval('cjv_s_servicio_detalle'), 'Marriot International', 'Descanso en la mejor franquicia', 'hospedaje', true),
(3, 2, nextval('cjv_s_servicio_detalle'), 'Marriot International', 'Descanso en la mejor franquicia', 'hospedaje', true),
(4, 3, nextval('cjv_s_servicio_detalle'), 'Hilton WorldWide Holdings ', 'Uno de las mejores cadenas', 'hospedaje', true),
(8, 4, nextval('cjv_s_servicio_detalle'), 'Melia Hotels International', 'Lo mejor de España en el mundo', 'hospedaje', true),
(2, 5, nextval('cjv_s_servicio_detalle'), 'NH Hotel Group', 'Tradicion de Comodidad y Descanso', 'hospedaje', true),
(7, 6, nextval('cjv_s_servicio_detalle'), 'Hilton WorldWide Holdings ', 'Uno de las mejores cadenas', 'hospedaje', true),
(5, 7, nextval('cjv_s_servicio_detalle'), 'NH Hotel Group', 'Tradicion de Comodidad y Descanso, sin comida', 'hospedaje', false),
(6, 8, nextval('cjv_s_servicio_detalle'), 'Melia Hotels International', 'Lo mejor de España en el mundo, sin comida', 'hospedaje', false),
(9, 9, nextval('cjv_s_servicio_detalle'), 'Melia Hotels International', 'Lo mejor de España en el mundo, sin comida', 'hospedaje', false),
(3, 2, nextval('cjv_s_servicio_detalle'), 'American Airlines', 'Aerolinea top mundial', 'vuelo', false),
(5, 7, nextval('cjv_s_servicio_detalle'), 'Air France', 'Años de confianza en el aire', 'vuelo', false),
(7, 6, nextval('cjv_s_servicio_detalle'), 'Air New Zealand', 'aerolinea confiable', 'vuelo', false),
(4, 3, nextval('cjv_s_servicio_detalle'), 'Virgin Atlantic', 'A donde quieras ir con seguridad', 'vuelo', false);


----LUGAR_HOTEL

INSERT INTO CJV_lugar_Hotel VALUES
(nextval('cjv_s_lugar_hotel'), 'Marriot International', 17, 17),
(nextval('cjv_s_lugar_hotel'), 'Marriot International', 22, 22),
(nextval('cjv_s_lugar_hotel'), 'Hilton WorldWide Holdings ', 23, 23),
(nextval('cjv_s_lugar_hotel'), 'Melia Hotels International', 13, 13),
(nextval('cjv_s_lugar_hotel'), 'NH Hotel Group', 10, 10),
(nextval('cjv_s_lugar_hotel'), 'Hilton WorldWide Holdings ', 18, 18),
(nextval('cjv_s_lugar_hotel'), 'NH Hotel Group', 6, 6),
(nextval('cjv_s_lugar_hotel'), 'Melia Hotels International', 5, 5),
(nextval('cjv_s_lugar_hotel'), 'Melia Hotels International', 2, 2);

----DET_HOTEL

INSERT INTO CJV_det_hotel VALUES
(1, 1, 1, 1),
(3, 2, 2, 2),
(4, 3, 3, 3),
(8, 4, 4, 4),
(2, 5, 5, 5),
(7, 6, 6, 6),
(5, 7, 7, 7),
(6, 8, 8, 8),
(9, 9, 9, 9);


----HISTORICO_PRECIO

INSERT INTO CJV_historico_precio VALUES
(1, 1, '10/5/2021', 7564, null),
(3, 2, '7/6/2021', 8754, null),
(4, 3, '8/8/2021', 5432, null),
(8, 4, '20/2/2021', 4600, null),
(2, 5, '5/1/2021', 2377, null),
(7, 6, '11/3/2021', 6435, null),
(5, 7, '17/5/2021', 3899, null),
(6, 8, '13/4/2021', 5799, null),
(9, 9, '8/11/2021', 15789, null),
(3, 2, '9/4/2020', 8155, '9/12/2020'),
(5, 7, '16/7/2019', 3980, '16/10/2019'),
(2, 5, '13/5/2020', 2209, '13/11/2020');


----VIAJERO

INSERT INTO CJV_viajero VALUES
(24510592, 'José', 'Garcia', '24/12/1980', 'M', 10, 'Vicente', 'Tovar'),
(21708619, 'Alejandra', 'Carrero', '27/10/1989', 'F', 15, null, 'Garcia'),
(18436954, 'Alejandra', 'Tovar', '27/10/1952', 'F', 22, 'Carla', 'Márquez'),
(19450018, 'Carlos', 'Tovar', '14/1/1959', 'M', 4, 'Jorge', 'Garcia'),
(21729173, 'Esteban', 'Perez', '24/11/1955', 'M', 7, 'Fernando', 'Arria'),
(16641708, 'Josefina', 'Perez', '23/3/1970', 'F', 11, 'Angelica', 'Montiel'),
(19805895, 'Fabiola', 'Mesa', '15/3/1972', 'F', 8, 'Vanessa', 'Tovar'),
(23396353, 'Vicente', 'Márquez', '3/11/1998', 'M', 17, 'Diego', 'González'),
(20667449, 'Clara', 'Montiel', '16/9/1967', 'F', 19, 'Josefina', 'Oropeza'),
(20944186, 'Ruben', 'Perez', '4/11/1953', 'M', 1, 'Julio', 'Palacios'),
(25986806, 'Vicente', 'Bastidas', '16/9/1971', 'M', 3, 'Fernando', 'González'),
(23234792, 'Jorge', 'Carrero', '13/3/1964', 'M', 13, 'Gerardo', 'Bolivar'),
(23395421, 'Vanessa', 'Goncalves', '19/10/1968', 'F', 1, 'Angelica', 'Goncalves'),
(20052498, 'Julio', 'Garcia', '7/2/1990', 'M', 6, null, 'Tovar'),
(20088330, 'Vanessa', 'Garcia', '18/1/1992', 'F', 20, 'Fabiola', 'Mesa'),
(22789498, 'Clara', 'Navas', '27/2/1972', 'F', 5, 'Fabiola', 'Tovar'),
(20751372, 'Jorge', 'Carrero', '18/9/1996', 'M', 14, 'Vicente', 'González'),
(26623094, 'Angelica', 'Palacios', '12/2/1995', 'F', 16, 'Carla', 'Montiel');


----PASAPORTE

INSERT INTO CJV_pasaporte VALUES
(22, 18436954, 18436954, '10/5/2022'),
(11, 16641708, 16641708, '7/6/2023'),
(19, 20667449, 20667449, '8/8/2022'),
(13, 23234792, 23234792, '20/2/2024'),
(1, 23395421, 23395421, '5/7/2023'),
(6, 20052498, 20052498, '11/8/2023'),
(20, 20088330, 20088330, '17/3/2022'),
(5, 22789498, 22789498, '22/7/2022'),
(14, 20751372, 20751372, '22/9/2023');


----REGISTRO_VAJERO

INSERT INTO CJV_registro_viajero VALUES
(1, 24510592, '8/11/2018', null),
(2, 21708619, '9/4/2020', null),
(3, 18436954, '16/7/2019', null),
(4, 19450018, '13/5/2020', null),
(5, 21729173, '10/5/2019', null),
(6, 16641708, '7/6/2018', null),
(7, 19805895, '8/8/2019', null),
(8, 23396353, '20/2/2019', null),
(9, 20667449, '5/1/2020', null),
(1, 20944186, '8/11/2018', null),
(2, 25986806, '9/4/2020', null),
(3, 23234792, '16/7/2019', null),
(4, 23395421, '13/5/2020', null),
(5, 20052498, '10/5/2019', null),
(6, 20088330, '7/6/2018', null),
(7, 22789498, '8/8/2019', null),
(8, 20751372, '20/2/2019', null),
(9, 26623094, '5/1/2020', null);


----CLIENTE

INSERT INTO CJV_cliente VALUES
(nextval('cjv_s_cliente'), 'Inversiones Valle', 'J', null, 127163236, null, null, null, null),
(nextval('cjv_s_cliente'), 'Zira', 'J', null, 134232327, null, null, null, null),
(nextval('cjv_s_cliente'), 'Horizonte', 'J', null, 125786543, null, null, null, null),
(nextval('cjv_s_cliente'), 'Rebecca', 'P', 21177253, null, '4/2/1994', 'Maria', 'Vargas', 'Carrero'),
(nextval('cjv_s_cliente'), 'Ruben', 'P', 16570246, null, '28/8/1969', 'Esteban', 'Montiel', 'Goncalves'),
(nextval('cjv_s_cliente'), 'Fabiola', 'P', 21754763, null, '24/5/1990', 'Clara', 'Ferandez', 'Goncalves'),
(nextval('cjv_s_cliente'), 'Maria', 'P', 25964371, null, '18/8/1968', 'Josefina', 'Martinez', 'González'),
(nextval('cjv_s_cliente'), 'Alejandra', 'P', 15947541, null, '14/9/1958', null, 'Bolivar', 'Herrera'),
(nextval('cjv_s_cliente'), 'Esteban', 'P', 22403927, null, '6/2/1962', 'Carlos', 'Tovar', 'Avellaneda');


----REGISTRO_CLIENTE

INSERT INTO CJV_registro_cliente VALUES
(1, 1, '8/11/2018', null),
(2, 2, '9/4/2020', null),
(3, 3, '16/7/2019', null),
(4, 4, '13/5/2020', null),
(5, 5, '10/5/2019', null),
(6, 6, '7/6/2018', null),
(7, 7, '8/8/2019', null),
(8, 8, '20/2/2019', null),
(9, 9, '5/1/2020', null);


----PAQUETE_CONTRATO

INSERT INTO CJV_paquete_contrato VALUES
(nextval('cjv_s_paquete_contrato'), 5799, '7/6/2018', '7/6/2018', '20/6/2018', nextval('cjv_s_num_factura'), 'JosefinaPerez@gmail.com', 6, 8, 6, 6, 6, '7/6/2018'),
(nextval('cjv_s_paquete_contrato'), 7564, '8/11/2018', '8/11/2018', '8/12/2018', nextval('cjv_s_num_factura'), 'JoséGarcia2@gmail.com', 1, 1, 1, 1, 1, '8/11/2018'),
(nextval('cjv_s_paquete_contrato'), 4600, '20/2/2019', '23/2/2019', '15/3/2019', nextval('cjv_s_num_factura'), 'VicenteMárquez@gmail.com', 8, 4, 8, 8, 8, '20/2/2019'),
(nextval('cjv_s_paquete_contrato'), 3899, '10/5/2019', '10/5/2019', '15/5/2019', nextval('cjv_s_num_factura'), 'EstebanPerez0@gmail.com6', 5, 7, 5, 5, 5, '10/5/2019'),
(nextval('cjv_s_paquete_contrato'), 8754, '16/7/2019', '16/7/2019', '16/8/2019', nextval('cjv_s_num_factura'), 'AlejandraTovar11@gmail.com', 3, 2, 3, 3, 3, '16/7/2019'),
(nextval('cjv_s_paquete_contrato'), 6435, '8/8/2019', '12/8/2019', '12/10/2019', nextval('cjv_s_num_factura'), 'FabiolaMesa@gmail.com', 7, 6, 7, 7, 7, '8/8/2019'),
(nextval('cjv_s_paquete_contrato'), 15789, '5/1/2020', '11/1/2020', '11/3/2020', nextval('cjv_s_num_factura'), 'ClaraMontiel@gmail.com', 9, 9, 9, 9, 9, '5/1/2020'),
(nextval('cjv_s_paquete_contrato'), 2377, '9/4/2020', '9/4/2020', '9/5/2020', nextval('cjv_s_num_factura'), 'AlejandraCarrero3@gmail.com', 2, 5, 2, 2, 2, '9/4/2020'),
(nextval('cjv_s_paquete_contrato'), 5432, '13/5/2020', '13/5/2020', '13/6/2020', nextval('cjv_s_num_factura'), 'CarlosTovar08@gmail.com', 4, 3, 4, 4, 4, '13/5/2020');


----CONT_REG_VIAJERO

INSERT INTO CJV_cont_reg_viajero VALUES
(1, 1, 24510592, '8/11/2018'),
(2, 2, 21708619, '9/4/2020'),
(3, 3, 18436954, '16/7/2019'),
(4, 4, 19450018, '13/5/2020'),
(5, 5, 21729173, '10/5/2019'),
(6, 6, 16641708, '7/6/2018'),
(7, 7, 19805895, '8/8/2019'),
(8, 8, 23396353, '20/2/2019'),
(9, 9, 20667449, '5/1/2020'),
(1, 1, 20944186, '8/11/2018'),
(2, 2, 25986806, '9/4/2020'),
(3, 3, 23234792, '16/7/2019'),
(4, 4, 23395421, '13/5/2020'),
(5, 5, 20052498, '10/5/2019'),
(6, 6, 20088330, '7/6/2018'),
(7, 7, 22789498, '8/8/2019'),
(8, 8, 20751372, '20/2/2019'),
(9, 9, 26623094, '5/1/2020');


----BANCOS

insert into cjv_banco values(nextval('cjv_s_banco'),'Santander');
insert into cjv_banco values(nextval('cjv_s_banco'),'Bank of America');
insert into cjv_banco values(nextval('cjv_s_banco'),'BBVA Bancomer');
insert into cjv_banco values(nextval('cjv_s_banco'),'JP Morgan Chase & Co');
insert into cjv_banco values(nextval('cjv_s_banco'),'Michinoku Bank');
insert into cjv_banco values(nextval('cjv_s_banco'),'Banca di Cesena');
insert into cjv_banco values(nextval('cjv_s_banco'),'Banco Itaú');
insert into cjv_banco values(nextval('cjv_s_banco'),'Banco de la Nación Argentina');
insert into cjv_banco values(nextval('cjv_s_banco'),'Kiwibank');


----INSTRUMENTO_PAGO

INSERT INTO CJV_instrumento_pago VALUES
(1, nextval('cjv_s_instrumento_pago'), 't_credito', 1, 4567458145265892, null),
(2, nextval('cjv_s_instrumento_pago'), 't_debito', 2, 7412785498574365, null),
(3, nextval('cjv_s_instrumento_pago'), 'c_bancaria', 3, 6547895321645897, null),
(4, nextval('cjv_s_instrumento_pago'), 'zelle', 4, null, 'RebeccaVargas@gmail.com'),
(5, nextval('cjv_s_instrumento_pago'), 't_credito', 5, 2457895641234753, null),
(6, nextval('cjv_s_instrumento_pago'), 't_debito', 6, 4561789498763215, null),
(7, nextval('cjv_s_instrumento_pago'), 'c_bancaria', 7, 9856741285219632, null),
(8, nextval('cjv_s_instrumento_pago'), 'zelle', 8, null, 'AlejandraBolivar@gmail.com'),
(9, nextval('cjv_s_instrumento_pago'), 't_credito', 9, 3579685424169514, null);


----FORMA_PAGO

INSERT INTO CJV_forma_pago VALUES
(1, 1, 1, 'C'),
(2, 2, 2, 'D'),
(3, 3, 3, 'T'),
(4, 4, 4, 'E'),
(5, 5, 5, 'C'),
(6, 6, 6, 'D'),
(7, 7, 7, 'T'),
(8, 8, 8, 'E'),
(9, 9, 9, 'C');


----RALLY

INSERT INTO CJV_rally VALUES
(nextval('cjv_s_rally'), 'Oriente Como Nunca', '10/5/2021', '10/6/2021', 10, 'P', 2745, 'Recorriendo Africa y Asia'),
(nextval('cjv_s_rally'), 'Asia Fascinante', '7/6/2021', '7/8/2021', 15, 'I', 3457, 'VIsita los lugares más maravillosos de este continente'),
(nextval('cjv_s_rally'), 'Portugal y Suiza juntos', '8/8/2021', '8/10/2021', 8, 'P', 2456, 'Recorre estos dos paises en pareja'),
(nextval('cjv_s_rally'), 'Oceania Magica', '20/2/2021', '20/4/2021', 6, 'I', 4789, 'Recorre los lugares magicos de este continente'),
(nextval('cjv_s_rally'), 'Segundo Tour Europa ', '5/1/2021', '5/3/2021', 4, 'I', 5879, 'Europa a inicio de Año'),
(nextval('cjv_s_rally'), 'Africa de ensueño', '11/3/2021', '11/4/2021', 8, 'I', 2486, 'Conoce Africa recorriendo los mejores lugares'),
(nextval('cjv_s_rally'), 'Playas del mundo', '17/5/2021', '17/8/2021', 6, 'P', 7618, 'Disfruta acompañado de estas maravillosas playas'),
(nextval('cjv_s_rally'), 'Primer Tour Europa', '9/7/2020', '9/9/2020', 10, 'I', 4399, 'Europa en temporada de Vacaciones'),
(nextval('cjv_s_rally'), 'America en Vivo', '13/9/2020', '13/10/2020', 10, 'I', 5124, 'Recorre America');


----CIRCUITO

INSERT INTO CJV_circuito VALUES
(5, 5, 1, 1, 2),
(6, 6, 1, 2, 2),
(15, 15, 1, 3, 2),
(5, 5, 2, 1, 3),
(7, 7, 2, 2, 3),
(8, 8, 2, 3, 3),
(1, 1, 3, 1, 4),
(3, 3, 3, 2, 4),
(10, 10, 4, 1, 3),
(11, 11, 4, 2, 3),
(12, 12, 4, 3, 3),
(1, 1, 5, 1, 4),
(2, 2, 5, 2, 4),
(4, 4, 5, 3, 4),
(5, 5, 6, 1, 4),
(6, 6, 6, 2, 4),
(7, 7, 6, 3, 4),
(12, 12, 7, 1, 5),
(23, 23, 7, 2, 5),
(3, 3, 8, 1, 3),
(2, 2, 8, 2, 3),
(1, 1, 8, 3, 3),
(22, 22, 9, 1, 4),
(23, 23, 9, 2, 3),
(24, 24, 9, 3, 3);


----ATRACCION_RALLY

INSERT INTO CJV_atraccion_rally VALUES
(5, 5, 1, 5, 5, 9),
(5, 5, 1, 5, 5, 10),
(6, 6, 1, 6, 6, 11),
(6, 6, 1, 6, 6, 12),
(15, 15, 1, 15, 15, 29),
(15, 15, 1, 15, 15, 30),
(5, 5, 2, 5, 5, 9),
(5, 5, 2, 5, 5, 10),
(7, 7, 2, 7, 7, 13),
(7, 7, 2, 7, 7, 14),
(8, 8, 2, 8, 8, 15),
(8, 8, 2, 8, 8, 16),
(1, 1, 3, 1, 1, 1),
(1, 1, 3, 1, 1, 2),
(3, 3, 3, 3, 3, 5),
(3, 3, 3, 3, 3, 6),
(10, 10, 4, 10, 10, 19),
(10, 10, 4, 10, 10, 20),
(11, 11, 4, 11, 11, 21),
(11, 11, 4, 11, 11, 22),
(12, 12, 4, 12, 12, 23),
(12, 12, 4, 12, 12, 24),
(1, 1, 5, 1, 1, 1),
(1, 1, 5, 1, 1, 2),
(2, 2, 5, 2, 2, 3),
(2, 2, 5, 2, 2, 4),
(4, 4, 5, 4, 4, 7),
(4, 4, 5, 4, 4, 8),
(5, 5, 6, 5, 5, 9),
(5, 5, 6, 5, 5, 10),
(6, 6, 6, 6, 6, 11),
(6, 6, 6, 6, 6, 12),
(7, 7, 6, 7, 7, 13),
(7, 7, 6, 7, 7, 14),
(12, 12, 7, 12, 12, 23),
(23, 23, 7, 23, 23, 46),
(3, 3, 8, 3, 3, 6),
(3, 3, 8, 3, 3, 5),
(2, 2, 8, 2, 2, 4),
(2, 2, 8, 2, 2, 3),
(1, 1, 8, 1, 1, 2),
(1, 1, 8, 1, 1, 1),
(22, 22, 9, 22, 22, 43),
(22, 22, 9, 22, 22, 44),
(23, 23, 9, 23, 23, 45),
(23, 23, 9, 23, 23, 46),
(24, 24, 9, 24, 24, 47),
(24, 24, 9, 24, 24, 48);


----ORGANIZADOR

INSERT INTO CJV_organizador VALUES
(1, 1, 6),
(2, 2, 7),
(3, 3, 4),
(4, 4, 6),
(5, 5, 2),
(6, 6, 8),
(7, 7, 4),
(3, 8, 4),
(9, 9, 3),
(5, 8, 3),
(1, 8, 3),
(2, 9, 3),
(3, 9, 4),
(7, 1, 4),
(3, 2, 8),
(5, 3, 4),
(1, 5, 2),
(1, 7, 2);


----PARTICIPACION

INSERT INTO CJV_participacion VALUES
(8, nextval('cjv_s_participacion'), 12, 1, '11/8/2020',null,null, null, 5, 5, '10/5/2019'),
(8, nextval('cjv_s_participacion'), 17, 2, '14/8/2020', 1, 24510592, '8/11/2018',null,null, null),
(8, nextval('cjv_s_participacion'), 13, 3, '20/8/2020', 3, 18436954, '16/7/2019',null,null, null),
(8, nextval('cjv_s_participacion'), 21, 4, '7/9/2020', 5, 21729173, '10/5/2019',null,null, null),
(9, nextval('cjv_s_participacion'), 7, 1, '28/9/2020',null,null, null, 9, 9, '5/1/2020'),
(9, nextval('cjv_s_participacion'), 11, 2, '30/9/2020', 2, 21708619, '9/4/2020',null,null, null),
(9, nextval('cjv_s_participacion'), 14, 3, '2/10/2020', 3, 18436954, '16/7/2019',null,null, null),
(9, nextval('cjv_s_participacion'), 19, 4, '4/10/2020', 2, 25986806, '9/4/2020',null,null, null),
(9, nextval('cjv_s_participacion'), 23, 5, '6/10/2020', 3, 23234792, '16/7/2019',null,null, null);


----PREMIO

INSERT INTO CJV_premio VALUES
(1, nextval('cjv_s_premio'), 'Iphone 10', 1, 'el primer lugar gana un iphone 10'),
(1, nextval('cjv_s_premio'), 'Boletos para Londres', 2, 'el segundo lugar gana boletos para londres'),
(1, nextval('cjv_s_premio'), 'Popsocket con Logo', 3, 'el tercer lugar gana Popsocket con logo de la agencia'),
(2, nextval('cjv_s_premio'), 'Automovil 0 Kilometros', 1, 'el primer lugar gana Automovil 0 Kilometros Marca Hyundai'),
(2, nextval('cjv_s_premio'), 'Paquete gratis', 2, 'el segundo lugar gana paquete para 2 personas'),
(2, nextval('cjv_s_premio'), 'Popsocket con Logo', 3, 'el tercer lugar gana Popsocket con logo de la agencia'),
(3, nextval('cjv_s_premio'), 'Crucero por el Caribe', 1, 'el primer lugar gana un crucero por el Caribe con todos los gastos pagos'),
(3, nextval('cjv_s_premio'), 'Paquete gratis', 2, 'el segundo lugar gana paquete para 2 personas'),
(3, nextval('cjv_s_premio'), 'Boletos para Paris', 3, 'el tercer lugar gana boletos para Paris'),
(4, nextval('cjv_s_premio'), 'Automovil 0 Kilometros', 1, 'el primer lugar gana Automovil 0 Kilometros Marca Chevrolet'),
(4, nextval('cjv_s_premio'), 'Samsung Galaxy S10', 2, 'el segundo lugar gana un Samsung Galaxy S10'),
(4, nextval('cjv_s_premio'), 'Popsocket con Logo', 3, 'el tercer lugar gana Popsocket con logo de la agencia'),
(5, nextval('cjv_s_premio'), 'Crucero por el Caribe', 1, 'el primer lugar gana un crucero por el Caribe con todos los gastos pagos'),
(5, nextval('cjv_s_premio'), 'Paquete gratis', 2, 'el segundo lugar gana paquete para 2 personas'),
(5, nextval('cjv_s_premio'), 'Afiche de la Agencia', 3, 'el tercer lugar gana un afiche de la Agencia con fondo de Lugar paradisiaco'),
(6, nextval('cjv_s_premio'), 'Automovil 0 Kilometros', 1, 'el primer lugar gana Automovil 0 Kilometros Marca Peugeot'),
(6, nextval('cjv_s_premio'), 'Paquete gratis', 2, 'el segundo lugar gana paquete para 2 personas'),
(6, nextval('cjv_s_premio'), 'Afiche de la Agencia', 3, 'el tercer lugar gana un afiche de la Agencia con fondo de Lugar paradisiaco'),
(7, nextval('cjv_s_premio'), 'Crucero por el Caribe', 1, 'el primer lugar gana un crucero por el Caribe con todos los gastos pagos'),
(7, nextval('cjv_s_premio'), 'Paquete gratis', 2, 'el segundo lugar gana paquete para 2 personas'),
(7, nextval('cjv_s_premio'), 'Boletos para Nueva York', 3, 'el tercer lugar gana boletos para New York'),
(8, nextval('cjv_s_premio'), 'Huawei P30', 1, 'el primer lugar gana un Huawei P30'),
(8, nextval('cjv_s_premio'), 'Paquete gratis', 2, 'el segundo lugar gana paquete para 2 personas'),
(8, nextval('cjv_s_premio'), 'Popsocket con Logo', 3, 'el tercer lugar gana Popsocket con logo de la agencia'),
(9, nextval('cjv_s_premio'), 'Automovil 0 Kilometros', 1, 'el primer lugar gana Automovil 0 Kilometros Marca Renault'),
(9, nextval('cjv_s_premio'), 'Paquete gratis', 2, 'el segundo lugar gana paquete para 2 personas'),
(9, nextval('cjv_s_premio'), 'Popsocket con Logo', 3, 'el tercer lugar gana Popsocket con logo de la agencia');


----VALORACION

INSERT INTO CJV_valoracion VALUES
(nextval('cjv_s_valoracion'), 23,null,null,null,null,null,null, 3),
(nextval('cjv_s_valoracion'),null, 23, 23,null,null,null,null, 3),
(nextval('cjv_s_valoracion'),null,null,null, 23, 23, 45,null, 3),
(nextval('cjv_s_valoracion'),null,null,null, 23, 23, 46,null, 3),
(nextval('cjv_s_valoracion'), 3,null,null,null,null,null,null, 8),
(nextval('cjv_s_valoracion'),null, 3, 3,null,null,null,null, 8),
(nextval('cjv_s_valoracion'), 2,null,null,null,null,null,null, 8),
(nextval('cjv_s_valoracion'),null, 2, 2,null,null,null,null, 8),
(nextval('cjv_s_valoracion'), 1,null,null,null,null,null,null, 8),
(nextval('cjv_s_valoracion'),null, 1, 1,null,null,null,null, 8),
(nextval('cjv_s_valoracion'),null,null,null, 3, 3, 6,null, 8),
(nextval('cjv_s_valoracion'),null,null,null, 3, 3, 5,null, 8),
(nextval('cjv_s_valoracion'),null,null,null, 2, 2, 4,null, 8),
(nextval('cjv_s_valoracion'),null,null,null, 2, 2, 3,null, 8),
(nextval('cjv_s_valoracion'),null,null,null, 1, 1, 2,null, 8),
(nextval('cjv_s_valoracion'),null,null,null, 1, 1, 1,null, 8);